,CardType,CreditLine,LastStatementBalanceAmount,LastStatementPurchaseAmount,LastStatementPurchaseReturnAmount,LastStatementMinimumPaymentDueAmount,LastStatementPaymentTotalAmount,Target
36,,27800.0,13208.51,0.0,0.0,396.0,500.0,0
1073,,13500.0,0.0,0.0,0.0,0.0,0.0,0
291,,1000.0,-4.72,0.0,0.0,0.0,0.0,0
1048,,5000.0,0.0,0.0,0.0,0.0,0.0,0
24,,5000.0,0.0,0.0,0.0,0.0,0.0,0
178,,21000.0,2412.05,0.0,0.0,72.0,0.0,0
76,,26500.0,0.0,30.0,0.0,0.0,30.0,0
23,,25000.0,1878.69,0.0,0.0,56.0,100.0,0
690,,4000.0,2706.48,0.0,0.0,160.0,0.0,0
324,,14000.0,0.0,0.0,0.0,0.0,0.0,0
410,,15500.0,13474.2,707.09,0.0,404.0,391.0,0
52,,26800.0,1496.93,832.38,0.0,45.0,500.0,0
399,,7500.0,0.0,0.0,0.0,0.0,0.0,0
817,,12000.0,0.0,0.0,0.0,0.0,5.53,0
312,,22800.0,999.96,1333.31,333.35,0.0,0.0,0
456,,2300.0,0.0,0.0,0.0,0.0,0.0,0
238,,21300.0,1833.07,1833.07,0.0,55.0,1430.96,0
79,,7000.0,7003.48,3075.49,170.69,210.0,2000.0,0
1029,,5000.0,999.68,1183.65,33.97,0.0,150.0,0
766,,1000.0,833.88,0.0,0.0,27.0,50.0,0
444,,2500.0,0.0,0.0,0.0,0.0,0.0,0
1102,,7800.0,0.0,0.0,0.0,0.0,16.17,0
696,,2000.0,921.83,60.68,0.0,28.0,1000.0,0
996,,15800.0,0.0,0.0,0.0,0.0,0.0,0
257,,10000.0,6570.1,6659.98,2836.2,0.0,1002.71,0
344,,5000.0,199.16,275.23,0.0,29.0,221.84,0
687,,300.0,0.0,0.0,0.0,0.0,0.0,0
462,,5000.0,4666.54,0.0,0.0,140.0,150.0,0
101,,3000.0,1484.7,1212.23,0.0,0.0,1000.0,0
635,,10000.0,8739.14,0.0,0.0,262.0,267.0,0
694,,4000.0,0.0,0.0,0.0,0.0,0.0,0
943,,24000.0,682.16,276.44,0.0,27.0,508.94,0
1084,,26800.0,1.5,54.98,0.0,1.5,438.35,0
999,,1000.0,841.97,264.3,0.0,29.0,300.0,0
605,,23500.0,3258.92,0.0,0.0,98.0,550.0,0
650,,18000.0,539.37,862.08,0.0,27.0,1150.0,0
355,,3000.0,0.0,0.0,0.0,0.0,0.0,0
778,,1000.0,0.0,0.0,0.0,0.0,0.0,0
884,,10000.0,9939.6,211.74,0.0,391.0,200.0,0
947,,29300.0,5753.77,0.0,0.0,173.0,300.0,0
705,,4000.0,0.0,0.0,0.0,0.0,0.0,0
747,,22000.0,1693.84,891.71,0.0,0.0,1000.0,0
451,,3500.0,3483.16,0.0,0.0,205.5,101.5,0
287,,1000.0,0.0,0.0,0.0,0.0,0.0,0
724,,19500.0,0.0,0.0,0.0,0.0,0.0,0
581,,8000.0,0.0,0.0,0.0,0.0,0.0,0
1110,,1000.0,0.0,0.0,0.0,0.0,0.0,0
1003,,26500.0,1406.34,1427.5,0.0,42.0,1698.62,0
252,,23000.0,0.0,0.0,0.0,0.0,0.0,0
1099,,500.0,134.3,252.84,4.5,27.0,120.0,0
713,,5000.0,0.0,0.0,0.0,0.0,0.0,0
529,,7500.0,2619.56,0.0,0.0,79.0,100.0,0
452,,500.0,504.42,92.96,0.0,27.0,506.4,0
471,,300.0,-2.5,0.0,0.0,0.0,385.48,0
934,,400.0,397.64,28.08,0.0,27.0,0.0,0
1010,,4000.0,799.92,0.0,0.0,27.0,100.0,0
92,,10000.0,3027.04,0.0,0.0,91.0,1225.52,0
37,,24300.0,0.0,0.0,0.0,0.0,0.0,0
654,,6000.0,5889.88,145.91,0.0,177.0,176.0,0
873,,8250.0,0.0,0.0,0.0,0.0,0.0,0
331,,10500.0,0.0,0.0,0.0,0.0,0.0,0
1051,,22000.0,2759.82,0.0,0.0,83.0,200.0,0
735,,27300.0,1139.92,698.48,0.0,34.0,1173.92,0
805,,10000.0,753.13,0.0,0.0,27.0,100.0,0
874,,6000.0,0.0,0.0,0.0,0.0,0.0,0
494,,10000.0,9360.46,246.94,0.0,281.0,400.0,0
908,,3000.0,909.67,0.0,0.0,27.0,109.74,0
745,,10000.0,9474.04,0.0,0.0,0.0,295.0,0
83,,18000.0,401.27,401.27,0.0,27.0,0.0,0
219,,2500.0,0.0,0.0,0.0,0.0,0.0,0
334,,1000.0,0.0,0.0,0.0,0.0,0.0,0
784,,28000.0,0.0,0.0,0.0,0.0,0.0,0
638,,11800.0,0.0,0.0,0.0,0.0,0.0,0
35,,1000.0,0.0,0.0,0.0,0.0,0.0,0
414,,11000.0,3989.44,137.79,0.0,120.0,100.0,0
955,,1000.0,0.0,0.0,0.0,0.0,0.0,0
673,,27000.0,375.64,375.64,0.0,27.0,284.79,0
637,,15000.0,7074.72,0.0,0.0,0.0,400.0,0
887,,500.0,396.91,346.81,0.0,27.0,200.0,0
1054,,18000.0,0.0,0.0,0.0,0.0,0.0,0
818,,28500.0,0.0,0.0,0.0,0.0,0.0,0
127,,2800.0,0.0,0.0,0.0,0.0,2.68,0
447,,29000.0,149.95,149.95,0.0,27.0,74.21,0
886,,7500.0,0.0,0.0,0.0,0.0,3584.92,0
918,,1000.0,0.0,0.0,0.0,0.0,0.0,0
580,,1000.0,0.0,0.0,0.0,0.0,0.0,0
584,,3000.0,0.0,0.0,0.0,0.0,0.0,0
756,,18000.0,664.39,664.39,0.0,27.0,500.75,0
78,,6500.0,630.56,0.0,0.0,27.0,1625.0,0
556,,4000.0,3587.66,62.59,0.0,108.0,200.0,0
189,,1000.0,0.0,0.0,0.0,0.0,0.0,0
885,,7000.0,0.0,0.0,0.0,0.0,0.0,0
202,,300.0,0.0,0.0,0.0,0.0,0.0,0
731,,4750.0,0.0,0.0,0.0,0.0,0.0,0
811,,8500.0,0.0,0.0,0.0,0.0,0.0,0
974,,5000.0,0.0,0.0,0.0,0.0,0.0,0
601,,5000.0,0.0,0.0,0.0,0.0,0.0,0
476,,1000.0,311.8,0.0,0.0,27.0,100.0,0
1096,,28800.0,0.0,0.0,0.0,0.0,0.0,0
230,,26000.0,0.0,0.0,0.0,0.0,0.0,0
1072,,9000.0,3163.9,0.0,0.0,95.0,200.0,0
284,,25000.0,0.0,0.0,0.0,0.0,0.0,0
88,,24000.0,0.0,0.0,0.0,0.0,0.0,0
1060,,7500.0,163.92,0.0,0.0,27.0,100.0,0
1049,,1000.0,339.18,777.75,0.0,27.0,1375.0,0
770,,17000.0,8210.3,808.82,0.0,0.0,350.0,0
562,,3500.0,0.0,0.0,0.0,0.0,0.0,0
137,,5000.0,4010.51,0.0,0.0,0.0,8.94,0
13,,28000.0,3.21,3.21,0.0,3.21,0.0,0
685,,2000.0,1602.7,0.0,0.0,48.0,42.68,0
911,,4000.0,425.69,741.35,0.0,27.0,315.66,0
335,,8500.0,1096.42,0.0,0.0,33.0,1333.24,0
258,,18000.0,367.4,1500.77,7.57,0.0,1281.14,0
900,,12000.0,0.0,0.0,0.0,0.0,0.0,0
465,,8000.0,6409.58,0.0,0.0,192.0,250.0,0
953,,1000.0,916.47,569.62,0.0,27.0,400.0,0
853,,500.0,133.99,0.0,0.0,29.0,27.0,0
439,,500.0,465.52,0.0,0.0,27.0,27.0,0
744,,8800.0,0.4,0.0,0.0,0.0,0.0,0
368,,500.0,0.0,0.0,0.0,0.0,0.0,0
524,,300.0,354.77,0.0,0.0,60.71,20.29,0
888,,10000.0,8936.36,0.0,0.0,268.0,300.0,0
863,,25000.0,1066.16,1019.32,0.0,32.0,750.0,0
337,,17500.0,3132.88,0.0,0.0,0.0,100.0,0
602,,500.0,383.07,72.9,0.0,27.0,100.0,0
643,,5000.0,0.0,0.0,0.0,0.0,0.0,0
336,,23300.0,14.95,43.13,0.0,14.95,33.73,0
102,,500.0,0.0,0.0,0.0,0.0,0.0,0
340,,10500.0,0.0,0.0,0.0,0.0,0.0,0
34,,4750.0,0.0,0.0,0.0,0.0,0.0,0
850,,7000.0,1202.45,0.0,0.0,36.0,200.0,0
1055,,300.0,0.0,0.0,0.0,0.0,0.0,0
576,,14000.0,12809.98,323.41,0.0,0.0,382.0,0
448,,10500.0,7573.06,719.8,0.0,227.0,0.0,0
1068,,1500.0,0.0,0.0,0.0,0.0,0.0,0
919,,1800.0,0.0,0.0,0.0,0.0,0.0,0
799,,10000.0,0.0,0.0,0.0,0.0,0.0,0
6,,9500.0,4936.22,103.0,0.0,0.0,200.0,0
396,,1000.0,338.78,618.95,3.79,27.0,800.0,0
944,,5000.0,0.0,0.0,0.0,0.0,0.0,0
293,,28800.0,2937.76,866.57,0.0,88.0,0.0,0
678,,5000.0,0.0,0.0,0.0,0.0,0.0,0
491,,1000.0,456.03,0.0,0.0,0.0,45.0,0
135,,1000.0,0.0,0.0,0.0,0.0,0.0,0
395,,15000.0,15022.77,326.35,0.0,450.0,460.0,0
408,,1000.0,0.0,0.0,0.0,0.0,0.0,0
797,,300.0,0.0,0.0,0.0,0.0,0.0,0
536,,8000.0,0.0,0.0,0.0,0.0,0.0,0
45,,5000.0,3318.76,195.0,0.0,100.0,100.0,0
188,,500.0,0.0,0.0,0.0,0.0,0.0,0
840,,2500.0,0.0,0.0,0.0,0.0,0.0,0
68,,5000.0,1018.09,1084.22,0.0,31.0,1088.1,0
210,,20000.0,11213.49,0.0,0.0,336.0,343.0,0
253,,9800.0,568.68,696.54,127.86,27.0,224.92,0
777,,500.0,0.0,0.0,0.0,0.0,0.0,0
857,,1000.0,772.08,70.7,0.0,27.0,200.0,0
40,,9000.0,0.0,0.0,0.0,0.0,0.0,0
697,,10000.0,9510.79,0.0,0.0,285.0,300.0,0
509,,2000.0,0.0,0.0,0.0,0.0,231.87,0
688,,500.0,0.0,0.0,0.0,0.0,0.0,0
531,,26000.0,0.0,0.0,0.0,0.0,0.0,0
330,,500.0,154.86,443.22,0.0,27.0,288.36,0
528,,9000.0,7352.15,721.41,0.0,221.0,204.0,0
117,,1500.0,0.0,0.0,0.0,0.0,0.0,0
920,,27000.0,0.0,0.0,0.0,0.0,0.0,0
844,,10000.0,9087.24,375.06,21.29,273.0,280.0,0
802,,2000.0,0.0,0.0,0.0,0.0,0.0,0
559,,27800.0,0.0,0.0,0.0,0.0,0.0,0
1088,,10000.0,4335.76,0.0,0.0,130.0,154.0,0
18,,500.0,0.0,0.0,0.0,0.0,0.0,0
38,,12800.0,0.0,0.0,0.0,0.0,0.0,0
215,,28000.0,121.91,511.5,40.59,0.0,349.0,0
664,,5000.0,0.0,0.0,0.0,0.0,0.0,0
1069,,6750.0,0.0,0.0,0.0,0.0,0.0,0
454,,27500.0,1470.96,1496.89,19.17,44.0,3290.0,0
483,,500.0,0.0,0.0,0.0,0.0,0.0,0
910,,27500.0,119.22,0.0,0.0,27.0,20.0,0
589,,14800.0,0.0,0.0,0.0,0.0,0.0,0
520,,500.0,0.0,59.5,0.0,0.0,172.24,0
354,,28000.0,0.0,0.0,0.0,0.0,0.0,0
1,,500.0,285.07,564.34,0.0,27.0,417.65,0
1012,,600.0,0.0,0.0,0.0,0.0,0.0,0
628,,26000.0,977.95,69.99,0.0,29.0,112.0,0
798,,500.0,189.5,278.5,0.0,29.0,201.0,0
543,,2000.0,0.0,0.0,0.0,0.0,0.0,0
1056,,12000.0,852.34,1243.85,0.0,0.0,400.0,0
376,,300.0,39.46,24.47,0.0,27.0,0.0,0
53,,7000.0,0.0,0.0,0.0,0.0,0.0,0
612,,26300.0,7435.93,134.88,17.17,223.0,250.0,0
261,,24700.0,1032.69,923.63,0.0,31.0,200.0,0
890,,1000.0,0.0,0.0,0.0,0.0,0.0,0
8,,300.0,0.0,0.0,0.0,0.0,0.0,0
319,,12300.0,11861.57,96.48,0.0,356.0,369.0,0
680,,2000.0,1707.78,53.62,0.0,51.0,52.0,0
751,,17500.0,2982.97,14.0,0.0,89.0,600.0,0
443,,27000.0,0.0,42.75,0.0,0.0,42.75,0
800,,2500.0,86.91,933.13,0.0,27.0,911.15,0
586,,5000.0,4921.95,168.63,0.0,148.0,255.0,0
225,,19500.0,1036.22,0.0,0.0,0.0,35.0,0
1044,,15000.0,0.0,0.0,0.0,0.0,0.0,0
322,,1050.0,0.0,0.0,0.0,0.0,0.0,0
65,,27000.0,0.0,0.0,0.0,0.0,0.0,0
807,,2500.0,0.0,0.0,0.0,0.0,0.0,0
535,,1000.0,955.81,0.0,0.0,29.0,40.0,0
804,,9000.0,0.0,0.0,0.0,0.0,0.0,0
402,,25000.0,0.0,0.0,0.0,0.0,0.0,0
1008,,25000.0,170.76,0.0,0.0,54.0,0.0,0
11,,5800.0,0.0,0.0,0.0,0.0,0.0,0
468,,9300.0,1129.7,1129.7,0.0,34.0,3077.79,0
883,,2750.0,2451.64,0.0,0.0,146.0,0.0,0
200,,28000.0,259.9,424.34,0.0,27.0,500.0,0
212,,1000.0,0.0,0.0,0.0,0.0,0.0,0
585,,5000.0,0.0,0.0,0.0,0.0,0.0,0
1108,,26500.0,1984.04,1984.04,0.0,60.0,777.98,0
557,,3500.0,0.0,0.0,0.0,0.0,0.0,0
796,,17500.0,0.0,0.0,0.0,0.0,0.0,0
1027,,6500.0,0.0,0.0,0.0,0.0,0.0,0
1066,,4000.0,411.83,1111.35,0.0,27.0,936.02,0
703,,1000.0,0.0,0.0,0.0,0.0,0.0,0
418,,11500.0,729.19,729.19,0.0,27.0,0.0,0
255,,20800.0,0.0,0.0,0.0,0.0,0.0,0
1046,,2300.0,2017.14,9.7,0.0,0.0,80.0,0
15,,20700.0,0.0,0.0,0.0,0.0,0.0,0
608,,7500.0,3326.4,36.7,0.0,100.0,125.0,0
1002,,16500.0,0.0,0.0,0.0,0.0,0.0,0
659,,2500.0,892.77,1174.7,170.0,29.0,872.0,0
469,,29000.0,0.0,0.0,0.0,0.0,0.0,0
790,,9000.0,6422.78,0.0,0.0,193.0,230.0,0
1063,,24000.0,0.0,29.99,0.0,0.0,29.99,0
173,,500.0,43.25,0.0,0.0,0.0,30.0,0
16,,20000.0,107.47,190.54,37.5,27.0,380.0,0
41,,27000.0,23.99,23.99,0.0,23.99,20.87,0
1033,,500.0,0.0,0.0,0.0,0.0,0.0,0
891,,25000.0,0.0,0.0,0.0,0.0,0.0,0
453,,4000.0,0.0,0.0,0.0,0.0,0.0,0
57,,18000.0,690.0,0.0,0.0,27.0,600.5,0
475,,2500.0,667.86,0.0,0.0,27.0,30.0,0
29,,11000.0,565.24,399.57,183.77,0.0,150.0,0
760,,4000.0,3510.34,140.73,0.0,105.0,600.0,0
318,,13000.0,0.0,0.0,0.0,0.0,0.0,0
716,,24000.0,1098.22,1098.22,159.0,33.0,901.26,0
467,,14000.0,87.96,97.4,0.0,29.0,172.25,0
1005,,25000.0,6577.25,0.0,0.0,0.0,1000.0,0
222,,27500.0,1583.05,0.0,0.0,47.0,400.0,0
610,,26000.0,21022.83,210.48,0.0,631.0,0.0,0
209,,8000.0,0.0,0.0,0.0,0.0,0.0,0
1004,,2500.0,0.0,0.0,0.0,0.0,0.0,0
461,,2500.0,2048.38,625.55,0.0,61.0,1200.0,0
419,,14500.0,0.0,0.0,0.0,0.0,0.0,0
217,,500.0,9.99,9.99,0.0,0.0,9.99,0
938,,7000.0,4752.19,0.0,0.0,143.0,146.0,0
551,,11500.0,0.0,0.0,0.0,0.0,0.0,0
679,,7500.0,3649.18,0.0,0.0,109.0,565.0,0
923,,28000.0,0.0,0.0,0.0,0.0,0.0,0
1058,,1000.0,708.75,0.0,0.0,27.0,27.0,0
470,,23500.0,1855.23,280.39,0.0,56.0,293.0,0
60,,2500.0,2556.74,0.0,0.0,150.0,0.0,0
533,,5000.0,1387.16,420.47,0.0,0.0,1100.0,0
285,,5000.0,4847.83,380.92,0.0,145.0,300.0,0
87,,6500.0,0.0,0.0,0.0,0.0,0.0,0
21,,19000.0,0.0,0.0,0.0,0.0,0.0,0
492,,9000.0,0.0,0.0,0.0,0.0,0.0,0
1014,,9500.0,9427.15,78.4,0.0,283.0,285.0,0
994,,24000.0,3953.41,2207.21,0.0,119.0,1650.0,0
903,,2000.0,0.0,0.0,0.0,0.0,0.0,0
185,,2750.0,0.0,0.0,0.0,0.0,0.0,0
95,,1000.0,0.0,0.0,0.0,0.0,0.0,0
959,,4000.0,0.0,0.0,0.0,0.0,0.0,0
262,,500.0,477.91,0.0,0.0,27.0,50.0,0
466,,3000.0,2828.44,0.0,0.0,85.0,90.0,0
869,,2000.0,2012.28,80.91,0.0,60.0,70.0,0
991,,5000.0,3734.55,90.16,0.0,112.0,111.0,0
841,,25000.0,0.0,0.0,0.0,0.0,0.0,0
630,,2000.0,0.0,0.0,0.0,0.0,0.0,0
785,,12800.0,0.0,0.0,0.0,0.0,0.0,0
1047,,2500.0,-965.6,0.0,0.0,0.0,0.0,0
554,,2000.0,0.0,0.0,0.0,0.0,0.0,0
898,,5000.0,2178.5,2271.5,93.0,65.0,75.17,0
30,,6500.0,26.94,1433.96,0.0,26.94,1448.0,0
793,,7500.0,0.0,0.0,0.0,0.0,0.0,0
123,,5000.0,0.0,0.0,0.0,0.0,0.0,0
990,,1000.0,0.0,0.0,0.0,0.0,0.0,0
316,,5000.0,4219.71,1028.49,0.0,0.0,115.0,0
214,,500.0,424.72,7.84,0.0,27.0,50.0,0
1086,,5000.0,2254.2,1291.59,59.95,0.0,230.0,0
27,,4000.0,0.0,0.0,0.0,0.0,0.0,0
718,,2000.0,0.0,0.0,0.0,0.0,0.0,0
782,,21300.0,1263.03,1817.54,0.0,38.0,900.0,0
634,,2000.0,2038.31,0.0,0.0,60.0,60.0,0
930,,25000.0,0.0,0.0,0.0,0.0,0.0,0
20,,26500.0,8487.56,0.0,0.0,0.0,2500.0,0
604,,2000.0,1607.81,391.94,41.64,48.0,80.0,0
436,,500.0,87.59,261.01,0.0,27.0,181.8,0
1034,,5000.0,59.23,0.0,0.0,54.0,0.0,0
268,,2000.0,0.0,0.0,0.0,0.0,0.0,0
17,,2000.0,1950.25,28.21,0.0,59.0,88.0,0
553,,10000.0,4113.59,378.67,0.0,123.0,217.0,0
783,,2000.0,0.0,0.0,0.0,0.0,0.0,0
693,,2000.0,1724.18,10.37,0.0,102.0,0.0,0
223,,500.0,0.0,0.0,0.0,0.0,0.0,0
569,,27000.0,1990.0,1990.0,0.0,60.0,0.0,0
1093,,9750.0,0.0,0.0,0.0,0.0,0.0,0
301,,1000.0,0.0,0.0,0.0,0.0,0.0,0
931,,7500.0,0.0,0.0,0.0,0.0,0.0,0
392,,2500.0,2213.94,26.74,0.0,66.0,75.0,0
170,,29000.0,0.0,0.0,0.0,0.0,1.57,0
425,,10000.0,6548.44,0.0,0.0,196.0,400.0,0
880,,500.0,484.56,36.52,0.0,27.0,27.0,0
442,,29500.0,36.63,449.08,31.95,0.0,560.0,0
878,,11800.0,0.0,0.0,0.0,0.0,0.0,0
921,,5500.0,0.0,0.0,0.0,0.0,0.0,0
852,,2000.0,0.0,0.0,0.0,0.0,0.0,0
894,,21000.0,0.0,0.0,0.0,0.0,0.0,0
75,,300.0,0.0,0.0,0.0,0.0,0.0,0
150,,2000.0,1852.65,0.0,0.0,56.0,88.0,0
174,,5000.0,3768.89,0.0,0.0,113.0,0.0,0
356,,1000.0,522.8,520.64,0.0,29.0,0.0,0
881,,500.0,505.47,109.87,0.0,27.0,116.5,0
74,,10000.0,0.0,0.0,0.0,0.0,0.0,0
545,,500.0,160.58,312.79,0.0,27.0,200.0,0
946,,28500.0,493.97,493.97,0.0,27.0,563.92,0
560,,1000.0,152.66,13.98,0.0,27.0,582.54,0
709,,7000.0,2187.9,0.0,0.0,66.0,67.0,0
828,,4000.0,0.0,0.0,0.0,0.0,0.0,0
440,,23500.0,0.0,0.0,0.0,0.0,0.0,0
530,,1000.0,0.0,0.0,0.0,0.0,0.0,0
142,,5000.0,44.56,14.8,0.0,41.8,0.0,0
781,,22000.0,0.0,0.0,0.0,0.0,0.0,0
700,,3000.0,1045.21,0.0,0.0,31.0,61.0,0
0,,4500.0,0.0,0.0,0.0,0.0,0.0,0
147,,27500.0,892.14,905.85,13.71,0.0,1651.97,0
191,,2000.0,0.0,0.0,0.0,0.0,0.0,0
767,,29000.0,0.0,0.0,0.0,0.0,0.0,0
1077,,29000.0,2308.29,702.93,83.05,0.0,52.0,0
390,,3000.0,1023.56,0.0,0.0,61.0,0.0,0
672,,11000.0,679.79,1405.29,588.5,0.0,1100.0,0
518,,6250.0,0.0,0.0,0.0,0.0,0.0,0
69,,1500.0,0.0,0.0,0.0,0.0,0.0,0
592,,8300.0,0.0,0.0,0.0,0.0,0.0,0
400,,600.0,595.22,103.7,0.0,27.0,0.0,0
1107,,500.0,469.54,442.02,0.0,27.0,50.0,0
606,,5000.0,4762.84,79.99,0.0,143.0,200.0,0
498,,2000.0,506.26,200.41,0.0,27.0,500.0,0
571,,26000.0,0.0,0.0,0.0,0.0,0.0,0
199,,15000.0,14004.98,6348.8,0.0,420.0,550.0,0
250,,10000.0,0.0,0.0,0.0,0.0,0.0,0
952,,13000.0,9534.76,560.8,93.28,286.0,850.0,0
111,,26500.0,22746.94,5044.44,0.0,917.0,300.0,0
1015,,8000.0,2708.33,0.0,0.0,163.0,80.0,0
544,,6500.0,0.0,0.0,0.0,0.0,0.0,0
808,,8000.0,0.0,0.0,0.0,0.0,0.0,0
14,,300.0,0.0,0.0,0.0,0.0,0.0,0
112,,2000.0,2053.99,196.01,0.0,60.0,210.0,0
1114,,14700.0,0.0,0.0,0.0,0.0,0.0,0
538,,2500.0,0.0,0.0,0.0,0.0,0.0,0
691,,500.0,0.0,0.0,0.0,0.0,0.0,0
274,,27000.0,17473.87,825.22,0.0,524.0,1080.0,0
420,,23000.0,0.0,0.0,0.0,0.0,0.0,0
427,,4000.0,2355.19,0.0,0.0,71.0,200.0,0
914,,18500.0,17135.73,2747.68,17.39,514.0,1000.0,0
548,,8000.0,0.0,209.24,0.0,0.0,209.24,0
28,,25500.0,66.73,66.73,0.0,0.0,105.5,0
832,,2500.0,0.0,0.0,0.0,0.0,0.0,0
149,,28000.0,1154.22,2251.71,0.0,35.0,1400.0,0
162,,2500.0,1029.14,563.95,0.0,31.0,250.0,0
550,,500.0,0.0,730.32,0.0,0.0,1071.43,0
595,,4000.0,0.0,0.0,0.0,0.0,0.0,0
618,,4000.0,0.0,0.0,0.0,0.0,0.0,0
1009,,17000.0,1865.81,60.0,0.0,56.0,200.0,0
349,,3900.0,3872.7,0.0,0.0,116.0,120.0,0
359,,26000.0,0.0,0.0,0.0,0.0,0.0,0
663,,28000.0,6423.5,0.0,0.0,193.0,250.0,0
631,,500.0,0.0,0.0,0.0,0.0,0.0,0
276,,500.0,248.28,118.75,0.0,27.0,100.0,0
661,,22500.0,194.11,194.11,0.0,27.0,299.85,0
750,,23000.0,0.0,0.0,0.0,0.0,0.0,0
514,,3500.0,0.0,0.0,0.0,0.0,0.0,0
627,,5000.0,303.06,0.0,0.0,29.0,103.69,0
158,,500.0,138.54,565.15,0.0,0.0,454.99,0
106,,27000.0,13385.01,3549.99,16.61,402.0,700.0,0
813,,8000.0,7429.62,0.0,0.0,223.0,0.0,0
450,,22500.0,4881.54,0.0,0.0,146.0,150.0,0
141,,400.0,0.0,0.0,0.0,0.0,0.0,0
317,,2500.0,0.0,0.0,0.0,0.0,0.0,0
962,,7000.0,7428.33,0.0,0.0,608.0,0.0,0
1018,,2000.0,0.0,0.0,0.0,0.0,0.0,0
822,,8500.0,0.0,0.0,0.0,0.0,0.0,0
614,,5000.0,5048.37,0.0,0.0,440.0,150.0,0
51,,26500.0,0.0,0.0,0.0,0.0,0.0,0
913,,25000.0,0.0,0.0,0.0,0.0,0.0,0
729,,2500.0,0.0,0.0,0.0,0.0,0.0,0
546,,1500.0,255.46,0.0,0.0,20.0,20.0,0
677,,5000.0,3861.44,536.63,159.61,116.0,106.0,0
862,,5000.0,4662.4,138.99,0.0,140.0,150.0,0
826,,1000.0,0.0,0.0,0.0,0.0,0.0,0
143,,8300.0,0.0,0.0,0.0,0.0,0.0,0
649,,1000.0,0.0,0.0,0.0,0.0,0.0,0
871,,21500.0,2026.89,1006.21,63.97,61.0,946.15,0
647,,1000.0,0.0,0.0,0.0,0.0,0.0,0
56,,22000.0,1816.47,0.0,0.0,54.0,650.0,0
542,,25300.0,685.03,685.03,0.0,27.0,804.64,0
681,,10500.0,1649.86,0.0,0.0,49.0,80.0,0
1083,,10000.0,161.87,319.57,0.0,27.0,355.1,0
145,,3000.0,2920.17,116.36,0.0,0.0,86.0,0
365,,21000.0,0.0,0.0,0.0,0.0,0.0,0
549,,5000.0,3471.85,0.0,0.0,104.0,106.0,0
901,,3500.0,0.0,0.0,0.0,0.0,0.0,0
972,,5000.0,0.0,0.0,0.0,0.0,0.0,0
39,,11000.0,4308.68,11.15,0.0,129.0,150.0,0
228,,28500.0,816.95,816.95,0.0,27.0,358.94,0
503,,1000.0,392.37,216.26,0.0,27.0,63.0,0
897,,8000.0,0.0,125.0,0.0,0.0,125.0,0
526,,6000.0,0.0,0.0,0.0,0.0,0.0,0
843,,1000.0,185.62,185.62,0.0,0.0,0.0,0
1023,,17500.0,1566.55,1566.55,0.0,47.0,2135.71,0
1013,,5000.0,2.17,0.0,0.0,2.17,555.7,0
765,,2000.0,0.0,0.0,0.0,0.0,0.0,0
1022,,5000.0,-9.54,0.0,0.0,0.0,434.0,0
372,,1000.0,0.0,0.0,0.0,0.0,0.0,0
1087,,13300.0,0.0,0.0,0.0,0.0,0.0,0
108,,500.0,411.44,475.21,0.0,27.0,510.0,0
433,,21000.0,685.8,289.89,0.0,27.0,100.0,0
1057,,8500.0,0.0,0.0,0.0,0.0,0.0,0
345,,12000.0,2771.35,0.0,0.0,83.0,207.0,0
1065,,1000.0,493.95,533.57,0.0,27.0,200.0,0
1016,,500.0,0.0,0.0,0.0,0.0,0.0,0
639,,2000.0,0.0,0.0,0.0,0.0,0.0,0
1115,,1500.0,1169.13,0.0,0.0,35.0,0.0,0
382,,7500.0,5736.09,369.85,14.97,0.0,250.0,0
224,,25100.0,0.0,300.0,0.0,0.0,300.0,0
907,,3800.0,0.0,185.3,0.0,0.0,1798.38,0
582,,17500.0,4508.88,2020.77,0.0,135.0,1000.0,0
801,,26000.0,1138.18,788.99,0.0,0.0,2727.0,0
669,,8500.0,2998.48,0.0,0.0,90.0,550.0,0
389,,9000.0,326.7,0.0,0.0,0.0,200.0,0
658,,2000.0,1948.78,134.7,0.0,0.0,65.0,0
964,,28000.0,538.46,0.0,0.0,27.0,100.0,0
357,,300.0,0.0,0.0,0.0,0.0,0.0,0
978,,500.0,146.8,0.0,0.0,27.0,50.0,0
596,,3000.0,0.0,0.0,0.0,0.0,0.0,0
1116,,19300.0,12135.47,0.0,0.0,364.0,500.0,0
523,,17000.0,0.0,0.0,0.0,0.0,0.0,0
864,,6100.0,4267.43,0.0,0.0,128.0,150.0,0
351,,5000.0,0.0,0.0,0.0,0.0,0.0,0
1092,,5500.0,0.0,0.0,0.0,0.0,0.0,0
825,,1000.0,0.0,0.0,0.0,0.0,0.0,0
67,,1000.0,40.0,159.43,0.0,27.0,139.43,0
164,,19000.0,0.0,0.0,0.0,0.0,0.0,0
1045,,15500.0,1329.22,1105.42,0.0,67.0,0.0,0
155,,5500.0,20.0,210.15,0.0,20.0,441.93,0
710,,20000.0,7025.77,0.0,0.0,0.0,272.0,0
516,,20000.0,48.64,326.59,0.0,27.0,340.21,0
742,,4000.0,0.0,0.0,0.0,0.0,0.0,0
636,,1000.0,0.0,0.0,0.0,0.0,0.0,0
982,,1000.0,357.37,55.89,0.0,27.0,200.0,0
481,,8000.0,1069.62,68.81,0.0,32.0,100.0,0
968,,500.0,352.76,0.0,0.0,27.0,54.0,0
309,,12000.0,12133.2,234.89,0.0,712.0,0.0,0
177,,5000.0,0.0,0.0,0.0,0.0,0.0,0
975,,10000.0,7054.88,0.0,0.0,212.0,400.0,0
1031,,2000.0,1756.92,571.96,0.0,0.0,180.0,0
646,,21000.0,23.05,23.05,0.0,0.0,39.79,0
196,,7000.0,1827.34,0.0,0.0,0.0,200.0,0
204,,26300.0,-22.2,0.0,0.0,0.0,800.88,0
611,,5000.0,1007.03,248.36,85.47,0.0,200.0,0
893,,25500.0,2447.93,80.9,0.0,73.0,100.0,0
839,,10000.0,272.28,272.28,0.0,27.0,0.0,0
855,,5000.0,4913.07,312.11,0.0,147.0,150.0,0
924,,26800.0,0.0,0.0,0.0,0.0,0.0,0
54,,1500.0,0.0,0.0,0.0,0.0,0.0,0
827,,4500.0,67.87,67.87,0.0,27.0,247.65,0
641,,26500.0,636.14,636.14,0.0,29.0,0.0,0
598,,18500.0,0.0,0.0,0.0,0.0,0.0,0
486,,500.0,0.0,0.0,0.0,0.0,0.0,0
377,,12000.0,0.0,0.0,0.0,0.0,0.0,0
449,,2000.0,0.0,0.0,0.0,0.0,0.0,0
1106,,24500.0,0.0,0.0,0.0,0.0,0.0,0
540,,4000.0,579.79,451.54,0.0,27.0,200.0,0
310,,500.0,-2.36,0.0,0.0,0.0,0.0,0
1020,,1000.0,584.4,82.64,0.0,0.0,35.0,0
640,,6100.0,0.0,0.0,0.0,0.0,0.0,0
370,,1000.0,0.0,0.0,0.0,0.0,0.0,0
728,,30000.0,-174.94,0.0,0.0,0.0,0.0,0
110,,1000.0,0.0,0.0,0.0,0.0,0.0,0
957,,12000.0,219.03,263.18,0.0,27.0,422.78,0
1109,,5000.0,0.0,197.04,0.0,0.0,1051.24,0
181,,25800.0,0.0,0.0,0.0,0.0,0.0,0
421,,300.0,280.7,0.0,0.0,27.0,27.0,0
160,,1000.0,907.84,334.66,2.34,27.0,450.0,0
412,,21000.0,0.0,0.0,0.0,0.0,0.0,0
1079,,29000.0,0.0,0.0,0.0,0.0,0.0,0
490,,12500.0,10785.58,0.0,0.0,0.0,395.0,0
1118,,500.0,0.0,286.38,0.0,0.0,286.38,0
597,,2000.0,0.0,0.0,0.0,0.0,0.0,0
82,,5800.0,5105.92,0.0,0.0,308.0,162.0,0
969,,300.0,0.0,0.0,0.0,0.0,0.0,0
380,,10000.0,0.0,0.0,0.0,0.0,0.0,0
620,,16000.0,9516.77,116.98,0.0,286.0,1200.0,0
948,,500.0,449.54,4.6,0.0,29.0,28.0,0
537,,20400.0,125.39,128.89,3.5,27.0,144.63,0
122,,20000.0,6989.67,0.0,0.0,210.0,225.0,0
207,,7000.0,1648.6,0.0,0.0,97.0,0.0,0
116,,1500.0,0.0,0.0,0.0,0.0,0.0,0
423,,26300.0,47.57,47.57,0.0,27.0,515.87,0
49,,5000.0,0.0,0.0,0.0,0.0,0.0,0
273,,10000.0,287.61,0.0,0.0,27.0,30.0,0
279,,12500.0,3715.38,627.19,0.0,111.0,600.0,0
936,,2000.0,755.03,0.0,0.0,0.0,50.0,0
1075,,10000.0,4583.16,1411.26,258.6,100.0,400.0,0
689,,500.0,0.0,0.0,0.0,0.0,0.0,0
928,,3000.0,2706.65,0.0,0.0,81.0,83.0,0
401,,2000.0,0.0,0.0,0.0,0.0,0.0,0
872,,2000.0,1745.13,0.0,0.0,0.0,60.0,0
48,,26500.0,0.0,0.0,0.0,0.0,0.0,0
755,,21500.0,0.0,0.0,0.0,0.0,0.0,0
761,,26300.0,115.56,115.68,0.0,0.0,108.0,0
129,,4750.0,4048.65,271.22,0.0,121.0,300.0,0
152,,25600.0,0.0,0.0,0.0,0.0,0.0,0
381,,15000.0,0.0,0.0,0.0,0.0,0.0,0
246,,1000.0,0.0,0.0,0.0,0.0,0.0,0
501,,8000.0,0.0,0.0,0.0,0.0,0.0,0
945,,300.0,0.0,0.0,0.0,0.0,0.0,0
403,,27000.0,19.2,34.15,0.0,19.2,0.0,0
459,,8000.0,8034.99,317.87,0.0,240.0,25.0,0
626,,1000.0,1188.45,0.0,0.0,150.0,0.0,0
360,,500.0,498.38,8.1,0.0,56.0,0.0,0
479,,7000.0,3044.55,0.0,0.0,91.0,296.0,0
90,,2200.0,0.0,0.0,0.0,0.0,0.0,0
221,,10000.0,816.89,970.14,3.25,0.0,870.89,0
61,,7300.0,0.0,0.0,0.0,0.0,0.0,0
909,,300.0,0.0,0.0,0.0,0.0,0.0,0
406,,28800.0,0.0,0.0,0.0,0.0,0.0,0
607,,500.0,0.0,0.0,0.0,0.0,0.0,0
362,,21000.0,13553.19,2894.22,24.6,724.0,0.0,0
251,,26800.0,0.0,0.0,0.0,0.0,0.0,0
976,,3000.0,0.0,0.0,0.0,0.0,0.0,0
633,,8000.0,0.0,0.0,0.0,0.0,0.0,0
327,,500.0,0.0,0.0,0.0,0.0,0.0,0
94,,26000.0,0.0,0.0,0.0,0.0,134.85,0
721,,500.0,499.11,76.31,0.0,27.0,100.0,0
256,,11000.0,0.0,0.0,0.0,0.0,0.0,0
838,,3000.0,2202.75,191.28,16.99,0.0,520.0,0
587,,7000.0,405.77,0.0,0.0,27.0,30.0,0
701,,28500.0,703.16,703.16,0.0,27.0,835.17,0
905,,5000.0,4985.73,133.1,0.0,150.0,235.0,0
66,,500.0,135.38,135.05,0.0,27.0,161.51,0
472,,9000.0,0.0,0.0,0.0,0.0,0.0,0
534,,2500.0,0.0,0.0,0.0,0.0,0.0,0
1042,,300.0,0.0,0.0,0.0,0.0,0.0,0
1071,,5000.0,0.0,0.0,0.0,0.0,0.0,0
504,,2000.0,1818.48,42.87,31.74,55.0,60.0,0
163,,1000.0,11.1,96.58,0.0,11.1,96.58,0
935,,500.0,494.58,224.65,0.0,27.0,27.0,0
121,,500.0,463.79,217.41,0.0,27.0,200.0,0
625,,500.0,138.7,209.54,0.0,27.0,540.0,0
1082,,3000.0,1989.68,382.64,0.0,60.0,49.0,0
91,,2000.0,0.0,0.0,0.0,0.0,0.0,0
105,,28000.0,0.0,0.0,0.0,0.0,0.0,0
417,,3000.0,2937.98,70.19,0.0,88.0,88.0,0
522,,3000.0,0.0,0.0,0.0,0.0,0.0,0
670,,27000.0,463.69,463.69,0.0,29.0,537.79,0
113,,1000.0,690.13,6.77,0.0,0.0,75.0,0
539,,5000.0,3981.35,14.32,0.0,119.0,200.0,0
263,,19000.0,410.49,757.35,3.49,29.0,807.1,0
652,,19000.0,1651.58,1942.94,0.0,50.0,1037.27,0
373,,10000.0,782.35,782.35,0.0,0.0,1894.02,0
1113,,4000.0,0.0,0.0,0.0,0.0,0.0,0
140,,28500.0,50.18,2157.81,0.0,0.0,2107.63,0
515,,26800.0,0.0,0.0,0.0,0.0,0.0,0
567,,20300.0,0.0,0.0,0.0,0.0,0.0,0
272,,5500.0,57.4,57.4,0.0,27.0,0.0,0
1094,,20000.0,2896.58,2319.69,0.0,0.0,410.0,0
616,,500.0,0.0,0.0,0.0,0.0,0.0,0
715,,20800.0,0.0,0.0,0.0,0.0,0.0,0
821,,2000.0,1428.23,152.22,0.0,0.0,400.0,0
98,,7000.0,0.0,0.0,0.0,0.0,0.0,0
963,,1000.0,0.0,0.0,0.0,0.0,0.0,0
500,,6000.0,5279.43,184.42,0.0,158.0,700.0,0
892,,12000.0,0.0,0.0,0.0,0.0,0.0,0
1026,,2000.0,365.43,0.0,0.0,47.56,33.44,0
151,,10000.0,604.02,896.27,0.0,27.0,623.13,0
295,,300.0,0.0,202.6,0.0,0.0,297.43,0
489,,13000.0,2807.62,171.56,0.0,84.0,92.0,0
981,,4000.0,0.0,0.0,0.0,0.0,0.0,0
809,,8000.0,0.0,0.0,0.0,0.0,0.0,0
19,,1000.0,0.0,0.0,0.0,0.0,0.0,0
621,,2000.0,103.67,0.0,0.0,27.0,233.0,0
267,,6000.0,0.0,0.0,0.0,0.0,0.0,0
980,,10000.0,0.0,0.0,0.0,0.0,0.0,0
302,,2000.0,94.41,186.08,0.0,27.0,268.04,0
988,,950.0,0.0,0.0,0.0,0.0,0.0,0
967,,3500.0,172.67,297.41,0.0,27.0,264.32,0
218,,300.0,0.0,0.0,0.0,0.0,0.0,0
725,,1000.0,0.0,0.0,0.0,0.0,0.0,0
321,,4000.0,0.0,0.0,0.0,0.0,0.0,0
47,,2000.0,0.0,0.0,0.0,0.0,0.0,0
1039,,2000.0,0.0,0.0,0.0,0.0,0.0,0
899,,1700.0,0.0,0.0,0.0,0.0,0.0,0
836,,1000.0,0.0,0.0,0.0,0.0,0.0,0
7,,300.0,106.3,0.0,0.0,27.0,30.0,0
241,,5000.0,3862.55,0.0,0.0,230.0,0.0,0
332,,12000.0,12000.3,406.86,0.0,360.0,380.0,0
264,,2000.0,0.0,0.0,0.0,0.0,0.0,0
118,,500.0,515.24,373.98,1.2,54.0,0.0,0
283,,2500.0,2078.93,0.0,0.0,89.0,172.0,0
361,,1000.0,0.0,0.0,0.0,0.0,0.0,0
5,,9000.0,0.0,0.0,0.0,0.0,0.0,0
386,,1000.0,929.97,26.3,0.0,28.0,73.0,0
704,,25500.0,0.0,0.0,0.0,0.0,0.0,0
429,,5000.0,1165.31,0.0,0.0,35.0,100.0,0
547,,27300.0,5935.22,1818.11,16.95,178.0,14000.0,0
1041,,8000.0,0.0,0.0,0.0,0.0,0.0,0
1095,,500.0,0.0,0.0,0.0,0.0,0.0,0
752,,23000.0,1999.29,268.12,2666.99,60.0,100.01,0
984,,25300.0,0.0,0.0,0.0,0.0,0.0,0
216,,12000.0,2502.84,0.0,0.0,75.0,225.0,0
722,,1000.0,54.3,48.11,0.0,27.0,0.0,0
1007,,2000.0,2086.48,0.0,0.0,120.0,120.0,0
619,,10000.0,3303.71,2197.76,0.0,0.0,100.0,0
93,,2500.0,180.26,0.0,0.0,0.0,30.0,0
358,,5300.0,-14.3,0.0,0.0,0.0,0.0,0
192,,12000.0,0.0,0.0,0.0,0.0,0.0,0
684,,22000.0,388.52,388.52,0.0,27.0,92.68,0
795,,5750.0,821.28,0.0,0.0,27.0,102.87,0
197,,2000.0,0.0,0.0,0.0,0.0,0.0,0
305,,25000.0,0.0,0.0,0.0,0.0,0.0,0
265,,17300.0,450.44,2023.02,14.53,29.0,1737.75,0
290,,17800.0,0.0,0.0,0.0,0.0,0.0,0
660,,500.0,0.0,0.0,0.0,0.0,0.0,0
949,,26300.0,153.82,153.82,0.0,27.0,0.0,0
1006,,2000.0,2052.91,17.9,0.0,100.0,20.0,0
525,,500.0,90.85,127.02,0.0,0.0,0.0,0
749,,300.0,0.0,0.0,0.0,0.0,0.0,0
153,,6500.0,0.0,0.0,0.0,0.0,0.0,0
1052,,1000.0,0.0,0.0,0.0,0.0,0.0,0
172,,4000.0,3779.11,0.0,0.0,113.0,115.0,0
831,,500.0,0.0,0.0,0.0,0.0,0.0,0
706,,2000.0,0.0,0.0,0.0,0.0,0.0,0
175,,10500.0,0.0,0.0,0.0,0.0,0.0,0
236,,17500.0,15809.01,366.35,1.43,474.0,0.0,0
259,,10000.0,859.52,876.63,10.74,27.0,750.0,0
26,,25300.0,0.0,0.0,0.0,0.0,0.0,0
599,,10000.0,0.0,0.0,0.0,0.0,0.0,0
803,,1000.0,1012.91,20.0,0.0,30.0,30.0,0
860,,25000.0,0.0,0.0,0.0,0.0,0.0,0
441,,1500.0,0.0,0.0,0.0,0.0,0.0,0
499,,27000.0,374.94,3929.24,4.9,27.0,4475.06,0
220,,12000.0,0.0,0.0,0.0,0.0,0.0,0
912,,5000.0,395.38,2866.6,0.0,0.0,3183.05,0
247,,2500.0,0.0,0.0,0.0,0.0,0.0,0
814,,500.0,452.31,486.43,0.0,27.0,0.0,0
837,,7000.0,0.0,0.0,0.0,0.0,0.0,0
875,,5000.0,4245.63,0.0,0.0,0.0,200.0,0
124,,25000.0,1003.26,1003.26,0.0,30.0,1024.64,0
55,,4000.0,0.0,0.0,0.0,0.0,0.0,0
413,,1500.0,1430.14,0.0,0.0,87.0,87.0,0
617,,26800.0,12.77,12.77,0.0,0.0,188.51,0
416,,6500.0,5412.6,369.94,0.0,162.0,354.52,0
314,,1000.0,0.0,0.0,0.0,0.0,0.0,0
320,,3000.0,2984.6,171.6,0.0,90.0,86.0,0
763,,500.0,439.22,0.0,0.0,27.0,100.0,0
665,,6000.0,5796.34,86.71,0.0,174.0,300.0,0
870,,8000.0,180.45,1061.09,11.99,27.0,1122.47,0
668,,2000.0,656.92,85.46,0.0,27.0,100.0,0
226,,23000.0,1371.42,1371.42,0.0,0.0,0.0,0
889,,1500.0,0.0,0.0,0.0,0.0,243.67,0
299,,4500.0,0.0,0.0,0.0,0.0,0.0,0
698,,10000.0,0.0,0.0,0.0,0.0,0.0,0
227,,15000.0,3564.73,3564.73,0.0,0.0,1662.03,0
753,,28500.0,22152.83,0.0,0.0,1319.0,710.0,0
1100,,500.0,0.0,0.0,0.0,0.0,0.0,0
96,,6500.0,0.0,0.0,0.0,0.0,0.0,0
136,,500.0,349.07,13.14,0.0,0.0,35.0,0
58,,8800.0,5679.16,178.54,0.0,164.0,0.0,0
133,,22000.0,1107.09,2698.49,1591.4,33.0,0.0,0
473,,23500.0,0.0,0.0,0.0,0.0,0.0,0
961,,500.0,337.8,97.66,0.0,0.0,80.0,0
973,,23800.0,135.51,139.3,0.0,0.0,120.0,0
1028,,2000.0,1565.27,0.0,0.0,47.0,135.0,0
1030,,6500.0,3605.6,73.45,0.0,0.0,1350.0,0
868,,10000.0,3887.17,0.0,0.0,0.0,200.0,0
109,,1000.0,915.11,73.22,0.0,27.0,56.0,0
114,,10000.0,146.11,146.11,0.0,29.0,719.69,0
366,,5000.0,0.0,0.0,0.0,0.0,0.0,0
977,,27500.0,161.24,161.24,0.0,27.0,0.0,0
407,,3000.0,0.0,0.0,0.0,0.0,0.0,0
1070,,1500.0,0.0,0.0,0.0,0.0,0.0,0
249,,5000.0,3456.69,0.0,0.0,104.0,100.0,0
308,,4100.0,0.0,0.0,0.0,0.0,0.0,0
97,,29500.0,0.0,0.0,0.0,0.0,0.0,0
558,,7000.0,368.84,1579.86,0.0,27.0,1811.34,0
593,,25300.0,302.9,0.0,0.0,27.0,587.75,0
239,,6000.0,6150.91,55.27,0.0,180.0,360.0,0
266,,23000.0,314.45,610.34,0.0,27.0,618.16,0
926,,5000.0,2905.6,0.0,0.0,87.0,120.0,0
176,,500.0,427.36,324.44,0.0,27.0,100.0,0
1080,,21500.0,1093.96,1203.03,0.0,33.0,109.07,0
100,,500.0,290.96,635.79,0.0,29.0,375.0,0
398,,26500.0,869.32,568.44,81.25,0.0,126.0,0
823,,1000.0,0.0,136.8,0.0,0.0,136.8,0
854,,4000.0,4016.23,565.67,0.0,120.0,320.0,0
346,,27500.0,292.97,775.87,0.0,29.0,611.3,0
644,,3500.0,0.0,0.0,0.0,0.0,0.0,0
278,,3000.0,1696.92,1074.16,86.72,51.0,900.0,0
699,,5000.0,0.0,0.0,0.0,0.0,0.0,0
303,,8500.0,0.0,0.0,0.0,0.0,0.0,0
1085,,12500.0,1408.15,1408.15,0.0,42.0,1096.03,0
296,,21000.0,308.53,80.92,0.0,27.0,105.0,0
987,,26300.0,554.83,554.83,45.29,29.0,652.4,0
737,,3000.0,0.0,0.0,0.0,0.0,0.0,0
9,,10000.0,67.14,153.23,0.0,27.0,86.09,0
168,,5000.0,4637.01,96.16,0.0,139.0,150.0,0
789,,6500.0,6058.58,0.0,0.0,182.0,185.0,0
342,,2500.0,0.0,0.0,0.0,0.0,0.0,0
1103,,2000.0,0.0,0.0,0.0,0.0,0.0,0
43,,1500.0,15.75,696.16,0.0,15.75,680.44,0
115,,23000.0,22125.31,243.14,19.99,664.0,700.0,0
289,,29300.0,-17.18,3196.27,0.0,0.0,3600.0,0
167,,2000.0,1711.37,0.0,0.0,104.0,103.0,0
119,,500.0,0.0,0.0,0.0,0.0,0.0,0
1104,,2000.0,0.0,0.0,0.0,0.0,0.0,0
146,,1500.0,0.0,0.0,0.0,0.0,0.0,0
126,,3000.0,2190.59,0.0,0.0,66.0,125.0,0
161,,500.0,0.0,0.0,0.0,0.0,0.0,0
497,,1000.0,0.0,0.0,0.0,0.0,129.86,0
3,,16300.0,0.0,0.0,0.0,0.0,0.0,0
1038,,22000.0,0.0,195.31,0.0,0.0,305.3,0
487,,27000.0,669.87,669.87,0.0,27.0,628.09,0
1059,,5000.0,5013.79,346.94,0.0,404.0,0.0,0
916,,27000.0,2886.07,307.57,0.0,87.0,500.0,0
958,,4000.0,0.0,0.0,0.0,0.0,0.0,0
455,,300.0,-2.63,0.0,0.0,0.0,2.63,0
25,,2000.0,0.0,0.0,0.0,0.0,0.0,0
594,,19000.0,10924.69,0.0,0.0,328.0,335.0,0
329,,23000.0,71.57,106.88,0.0,27.0,35.31,0
166,,17300.0,3340.52,0.0,0.0,100.0,155.0,0
374,,7000.0,1432.54,6009.89,150.75,43.0,5700.0,0
648,,6500.0,0.0,0.0,0.0,0.0,0.0,0
46,,2000.0,1982.58,201.89,0.0,59.0,60.0,0
1064,,16000.0,0.0,0.0,0.0,0.0,0.0,0
502,,24500.0,10608.55,1044.2,0.0,318.0,250.0,0
323,,16500.0,39.94,573.6,0.0,27.0,837.27,0
306,,24000.0,-3.91,0.0,0.0,0.0,0.0,0
965,,9000.0,0.0,0.0,0.0,0.0,0.0,0
591,,6500.0,0.0,0.0,0.0,0.0,0.0,0
405,,26000.0,0.0,0.0,0.0,0.0,0.0,0
942,,1000.0,933.54,195.08,0.0,28.0,35.0,0
1001,,8500.0,2848.82,567.12,0.0,85.0,65.0,0
925,,2000.0,0.0,0.0,0.0,0.0,0.0,0
572,,7500.0,59.99,285.87,0.0,27.0,1600.0,0
237,,1000.0,0.0,0.0,0.0,0.0,0.0,0
1105,,2000.0,1942.34,60.31,0.0,58.0,70.0,0
966,,25600.0,0.0,0.0,0.0,0.0,225.33,0
2,,12000.0,5.15,5.15,0.0,5.15,175.71,0
457,,8000.0,0.0,0.0,0.0,0.0,0.0,0
352,,3000.0,2822.6,19.62,0.0,85.0,200.0,0
138,,23500.0,284.52,712.61,0.0,0.0,812.85,0
80,,3500.0,2082.48,0.0,0.0,0.0,85.0,0
521,,26500.0,0.0,3957.19,0.0,0.0,3957.19,0
812,,17800.0,0.0,0.0,0.0,0.0,0.0,0
1050,,4500.0,2193.22,0.0,0.0,66.0,67.0,0
645,,500.0,144.44,144.44,0.0,27.0,307.95,0
71,,2000.0,0.0,0.0,0.0,0.0,0.0,0
879,,3000.0,1645.15,0.0,0.0,49.0,125.0,0
203,,5000.0,0.0,0.0,0.0,0.0,0.0,0
676,,12500.0,10316.01,0.0,0.0,0.0,340.0,0
642,,2000.0,35.92,283.59,0.0,27.0,269.56,0
851,,3000.0,0.0,0.0,0.0,0.0,0.0,0
434,,10500.0,41.32,537.39,0.0,27.0,1080.49,0
154,,5500.0,0.0,0.0,0.0,0.0,0.0,0
103,,18000.0,0.0,0.0,0.0,0.0,0.0,0
269,,12000.0,0.0,0.0,0.0,0.0,0.0,0
281,,8000.0,114.32,196.81,6.0,27.0,130.03,0
235,,10000.0,0.0,0.0,0.0,0.0,0.0,0
183,,26500.0,508.68,0.0,0.0,27.0,30.0,0
1119,,10000.0,0.0,0.0,0.0,0.0,0.0,0
477,,400.0,404.36,223.33,0.0,27.0,220.0,0
1078,,1000.0,0.0,0.0,0.0,0.0,0.0,0
341,,2500.0,2294.76,0.99,0.0,79.0,60.0,0
732,,500.0,46.32,100.23,0.0,27.0,106.61,0
44,,500.0,168.3,773.74,0.0,27.0,714.0,0
367,,3500.0,0.0,0.0,0.0,0.0,0.0,0
232,,27000.0,2969.59,3588.86,156.89,89.0,1500.0,0
50,,13000.0,0.0,0.0,0.0,0.0,0.0,0
653,,5000.0,800.38,800.38,0.0,27.0,488.78,0
662,,25700.0,1233.82,766.2,88.58,37.0,1000.0,0
776,,300.0,0.0,0.0,0.0,0.0,0.0,0
615,,300.0,0.0,0.0,0.0,0.0,0.0,0
847,,25000.0,268.37,268.63,0.0,0.0,0.0,0
463,,28000.0,7756.84,7756.84,0.0,233.0,2555.01,0
956,,500.0,0.0,0.0,0.0,0.0,0.0,0
134,,2000.0,372.92,0.0,0.0,27.0,125.0,0
512,,27500.0,1039.82,1088.56,0.0,0.0,15896.3,0
655,,27000.0,1765.91,416.35,8.69,53.0,100.0,0
929,,2000.0,0.0,0.0,0.0,0.0,0.0,0
304,,11500.0,690.75,1390.75,0.0,27.0,700.0,0
992,,5000.0,660.9,6.53,6.53,0.0,150.0,0
506,,2000.0,0.0,0.0,0.0,0.0,0.0,0
842,,24800.0,5680.83,5680.83,0.0,170.0,409.61,0
762,,12500.0,0.0,2106.45,0.0,174.0,500.0,0
834,,2000.0,0.0,0.0,0.0,0.0,0.0,0
577,,1000.0,0.0,0.0,0.0,0.0,0.0,0
1019,,1500.0,0.0,0.0,0.0,0.0,0.0,0
70,,500.0,0.0,32.62,0.0,0.0,291.12,0
932,,2000.0,0.0,0.0,0.0,0.0,0.0,0
519,,25000.0,0.0,0.0,0.0,0.0,0.0,0
717,,500.0,573.1,0.0,0.0,87.0,0.0,0
1000,,7500.0,5706.86,0.0,0.0,0.0,300.0,0
86,,14500.0,0.0,0.0,0.0,0.0,0.0,0
364,,7500.0,6456.84,210.03,0.0,194.0,400.0,0
758,,1000.0,582.59,561.66,0.0,0.0,935.0,0
388,,500.0,261.92,361.92,0.0,27.0,100.0,0
244,,23500.0,289.96,289.96,0.0,0.0,139.25,0
307,,1500.0,432.47,0.0,0.0,29.0,50.0,0
933,,1000.0,0.0,0.0,0.0,0.0,0.0,0
59,,7000.0,395.96,428.99,0.0,27.0,441.48,0
292,,10000.0,55.13,595.93,6.0,27.0,541.55,0
190,,1000.0,0.0,0.0,0.0,0.0,0.0,0
906,,27000.0,9.12,9.12,0.0,0.0,7.44,0
657,,14300.0,0.0,0.0,0.0,0.0,0.0,0
754,,500.0,0.0,0.0,0.0,0.0,0.0,0
711,,500.0,0.0,0.0,0.0,0.0,0.0,0
1036,,28500.0,0.0,37.98,0.0,0.0,97.35,0
941,,27300.0,51.83,51.83,0.0,27.0,0.0,0
198,,28000.0,16382.43,325.33,0.0,491.0,1100.0,0
1035,,5000.0,3957.0,123.32,0.0,119.0,150.0,0
510,,1500.0,1051.4,271.28,0.0,32.0,100.0,0
1090,,25500.0,0.0,0.0,0.0,0.0,0.0,0
275,,6000.0,0.0,0.0,0.0,0.0,0.0,0
254,,1500.0,0.0,0.0,0.0,0.0,0.0,0
513,,3000.0,3010.04,100.0,0.0,90.0,105.0,0
588,,1000.0,0.0,0.0,0.0,0.0,0.0,0
566,,10000.0,0.0,0.0,0.0,0.0,0.0,0
726,,1000.0,0.0,0.0,0.0,0.0,0.0,0
33,,2500.0,0.0,0.0,0.0,0.0,0.0,0
877,,1500.0,646.52,0.0,0.0,27.0,54.0,0
574,,1000.0,777.11,31.95,0.0,29.0,250.0,0
997,,2000.0,0.0,0.0,0.0,0.0,0.0,0
89,,27000.0,0.0,0.0,0.0,0.0,0.0,0
186,,8000.0,0.0,0.0,0.0,0.0,0.0,0
1040,,6500.0,0.0,0.0,0.0,0.0,0.0,0
740,,29300.0,2633.61,617.54,0.0,79.0,1000.0,0
775,,27000.0,0.0,0.0,0.0,0.0,0.0,0
867,,500.0,184.97,0.0,0.0,27.0,150.0,0
297,,2000.0,0.0,0.0,0.0,0.0,0.0,0
428,,16000.0,650.16,1074.06,0.0,27.0,1550.0,0
1061,,5000.0,0.0,0.0,0.0,0.0,0.0,0
125,,5500.0,0.0,0.0,0.0,0.0,0.0,0
815,,1000.0,1019.32,37.95,0.0,30.0,30.0,0
1101,,1500.0,0.0,0.0,0.0,0.0,0.0,0
1037,,15000.0,1588.88,0.0,0.0,48.0,200.0,0
819,,5000.0,0.0,441.63,0.0,0.0,441.63,0
107,,17000.0,4984.34,0.0,0.0,150.0,0.0,0
733,,29000.0,0.0,26.01,0.0,0.0,17.32,0
243,,4000.0,0.0,0.0,0.0,0.0,0.0,0
394,,1000.0,0.0,0.0,0.0,0.0,0.0,0
363,,25000.0,188.15,188.15,0.0,29.0,0.0,0
229,,14200.0,0.0,0.0,0.0,0.0,85.12,0
32,,500.0,0.0,0.0,0.0,0.0,0.0,0
632,,8500.0,0.0,0.0,0.0,0.0,0.0,0
579,,1500.0,0.0,0.0,0.0,0.0,0.0,0
271,,5000.0,3050.39,0.0,0.0,92.0,353.32,0
42,,1000.0,0.24,11.47,0.0,0.24,1025.0,0
806,,7500.0,4949.13,213.3,0.0,148.0,81.63,0
438,,500.0,0.0,0.0,0.0,0.0,0.0,0
437,,8500.0,0.0,0.0,0.0,0.0,0.0,0
683,,28000.0,0.0,0.0,0.0,0.0,0.0,0
195,,4000.0,71.57,195.72,0.0,0.0,200.0,0
682,,300.0,0.0,0.0,0.0,0.0,0.0,0
674,,10500.0,3653.64,0.0,0.0,110.0,50.0,0
131,,28000.0,488.72,944.71,0.0,27.0,458.98,0
240,,27000.0,7772.0,1270.39,0.0,233.0,900.0,0
205,,18500.0,964.92,229.55,0.0,29.0,15400.0,0
950,,25500.0,0.0,0.0,0.0,0.0,0.0,0
1098,,300.0,0.0,0.0,0.0,0.0,0.0,0
671,,5000.0,0.0,0.0,0.0,0.0,0.0,0
333,,5000.0,0.0,0.0,0.0,0.0,0.0,0
432,,1800.0,0.0,0.0,0.0,0.0,0.0,0
791,,1500.0,0.0,0.0,0.0,0.0,0.0,0
623,,4000.0,0.0,0.0,0.0,0.0,0.0,0
393,,28000.0,919.47,3675.94,454.43,28.0,4913.97,0
294,,9500.0,8799.84,595.69,0.0,264.0,650.0,0
409,,19000.0,4382.81,0.0,0.0,131.0,200.0,0
496,,2000.0,873.0,873.0,0.0,0.0,1903.73,0
848,,500.0,0.0,0.0,0.0,0.0,0.0,0
746,,27000.0,0.0,0.0,0.0,0.0,0.0,0
794,,1000.0,689.41,200.67,0.0,27.0,30.0,0
986,,3000.0,703.49,251.63,0.0,27.0,350.0,0
211,,27000.0,0.0,0.0,0.0,0.0,0.0,0
561,,2000.0,0.0,0.0,0.0,0.0,0.0,0
260,,2500.0,2076.14,0.0,0.0,62.0,0.0,0
960,,12800.0,0.0,0.0,0.0,0.0,0.0,0
788,,10000.0,8071.13,0.0,0.0,242.0,300.0,0
415,,22500.0,0.0,0.0,0.0,0.0,0.0,0
830,,1000.0,89.25,89.25,0.0,0.0,0.0,0
10,,1000.0,592.54,895.19,0.0,27.0,800.0,0
570,,5000.0,4832.91,0.0,0.0,145.0,309.0,0
575,,21800.0,5346.4,382.86,2.55,160.0,400.0,0
507,,1500.0,782.95,0.0,0.0,27.0,50.0,0
12,,16000.0,0.0,0.0,0.0,0.0,0.0,0
773,,6000.0,5432.36,109.73,0.0,0.0,202.0,0
764,,27000.0,1973.85,403.26,0.0,0.0,4000.0,0
824,,12800.0,0.0,0.0,0.0,0.0,0.0,0
993,,300.0,0.0,0.0,0.0,0.0,0.0,0
565,,2000.0,1269.1,595.63,0.0,38.0,363.0,0
651,,22700.0,1156.78,166.0,0.0,35.0,100.0,0
482,,26300.0,0.0,0.0,0.0,0.0,0.0,0
460,,2000.0,35.68,35.68,0.0,27.0,35.68,0
517,,12300.0,0.0,0.0,0.0,0.0,0.0,0
951,,1500.0,-941.05,10.52,1051.15,0.0,0.0,0
624,,25500.0,2715.93,0.0,0.0,81.0,150.0,0
132,,11000.0,0.0,0.0,0.0,0.0,0.0,0
371,,25000.0,0.0,0.0,0.0,0.0,0.0,0
270,,500.0,-29.54,135.53,0.0,0.0,260.0,0
343,,28500.0,0.0,0.0,0.0,0.0,0.0,0
81,,25000.0,1574.52,1574.52,0.0,47.0,1849.64,0
983,,7000.0,6872.09,112.2,0.0,0.0,207.0,0
779,,5000.0,4900.69,0.0,0.0,147.0,437.0,0
248,,21700.0,0.0,0.0,0.0,0.0,516.0,0
759,,500.0,0.0,0.0,0.0,0.0,0.0,0
326,,23000.0,390.75,436.49,0.0,27.0,45.74,0
1017,,26500.0,145.97,394.58,48.61,27.0,786.95,0
954,,1500.0,0.0,0.0,0.0,0.0,0.0,0
286,,3000.0,626.25,0.0,0.0,27.0,80.0,0
300,,20000.0,1158.71,1158.71,0.0,35.0,590.72,0
426,,11500.0,-97.37,0.0,0.0,0.0,194.74,0
985,,25500.0,0.0,0.0,0.0,0.0,0.0,0
22,,500.0,353.03,1016.12,0.0,0.0,822.52,0
1081,,8800.0,0.0,0.0,0.0,0.0,0.0,0
458,,5000.0,4175.53,0.0,0.0,125.0,130.0,0
350,,2500.0,0.0,0.0,0.0,0.0,0.0,0
157,,26500.0,2062.53,2062.53,0.0,0.0,1723.63,0
348,,2000.0,47.03,88.1,0.0,0.0,56.16,0
1117,,17500.0,0.0,367.62,0.0,0.0,367.62,0
375,,5500.0,0.0,0.0,0.0,0.0,0.0,0
73,,10000.0,4164.35,4164.35,0.0,125.0,563.9,0
769,,19000.0,13939.39,757.65,0.0,418.0,500.0,0
739,,1200.0,159.61,710.74,0.0,27.0,564.22,0
734,,4000.0,9.01,27.38,0.0,9.01,27.4,0
629,,3000.0,0.0,0.0,0.0,0.0,0.0,0
675,,5000.0,275.27,275.27,40.98,29.0,868.35,0
937,,4000.0,784.52,0.0,0.0,27.0,50.0,0
738,,2000.0,0.0,0.0,0.0,0.0,0.0,0
578,,2000.0,1696.81,0.0,0.0,147.0,0.0,0
1067,,21000.0,1923.28,0.0,0.0,58.0,100.0,0
280,,500.0,462.31,30.82,0.0,27.0,30.0,0
846,,3000.0,1988.03,935.1,6.09,60.0,868.55,0
1091,,12000.0,6958.06,0.0,0.0,209.0,500.0,0
187,,16000.0,4088.46,3664.64,0.0,123.0,4150.0,0
686,,1000.0,554.54,0.0,0.0,27.0,38.13,0
139,,500.0,19.17,96.84,12.91,19.17,83.93,0
339,,5000.0,1786.64,0.0,0.0,157.0,0.0,0
1011,,20000.0,8579.17,0.0,0.0,522.0,396.0,0
480,,17300.0,0.0,0.0,0.0,0.0,0.0,0
298,,2000.0,0.0,0.0,0.0,0.0,0.0,0
1062,,21000.0,2196.14,569.25,0.0,66.0,75.0,0
201,,5500.0,4910.63,387.5,12.0,147.0,1000.0,0
193,,300.0,0.0,0.0,0.0,0.0,0.0,0
998,,12000.0,0.0,0.0,0.0,0.0,13.28,0
816,,1000.0,0.0,0.0,0.0,0.0,0.0,0
397,,2500.0,0.0,0.0,0.0,0.0,0.0,0
780,,2500.0,2037.45,0.0,0.0,61.0,75.0,0
667,,26800.0,0.0,0.0,0.0,0.0,0.0,0
979,,7500.0,0.0,0.0,0.0,0.0,0.0,0
1025,,19500.0,4667.19,751.75,0.0,140.0,120.0,0
858,,3500.0,0.0,0.0,0.0,0.0,0.0,0
666,,500.0,204.26,0.0,0.0,27.0,138.78,0
313,,300.0,231.9,0.0,0.0,27.0,100.0,0
128,,5000.0,0.0,0.0,0.0,0.0,0.0,0
495,,5000.0,768.93,0.0,0.0,0.0,125.0,0
206,,7000.0,-1.88,0.0,0.0,0.0,0.0,0
4,,17000.0,0.0,0.0,0.0,0.0,0.0,0
707,,23000.0,315.17,414.79,0.0,27.0,415.12,0
859,,27000.0,0.0,0.0,0.0,0.0,0.0,0
772,,2000.0,0.0,0.0,0.0,0.0,0.0,0
552,,500.0,0.0,40.25,0.0,0.0,40.25,0
896,,18500.0,958.41,337.69,0.0,29.0,100.0,0
1032,,7000.0,0.0,0.0,0.0,0.0,0.0,0
600,,1000.0,0.0,0.0,0.0,0.0,0.0,0
159,,26000.0,16352.64,1635.43,0.0,491.0,1300.0,0
511,,1000.0,0.0,0.0,0.0,0.0,0.0,0
564,,500.0,0.0,0.0,0.0,0.0,0.0,0
144,,7000.0,3401.4,2104.65,37.0,102.0,300.0,0
590,,12000.0,7146.34,215.34,0.0,214.0,212.0,0
730,,7500.0,0.0,0.0,0.0,0.0,0.0,0
445,,14000.0,0.0,18.0,0.0,0.0,18.0,0
288,,1000.0,893.2,0.0,0.0,27.0,40.0,0
845,,1000.0,898.77,0.0,0.0,27.0,60.0,0
120,,5000.0,2694.65,3088.61,0.0,0.0,900.0,0
245,,2000.0,0.0,0.0,0.0,0.0,0.0,0
774,,5000.0,0.0,0.0,0.0,0.0,0.0,0
786,,8500.0,2822.14,1017.95,18.91,0.0,1050.0,0
835,,6500.0,6148.81,284.31,0.0,184.0,200.0,0
902,,15500.0,3348.77,764.8,0.0,100.0,150.0,0
379,,6100.0,-27.0,0.0,0.0,0.0,0.0,0
702,,28500.0,29.99,35.0,0.0,27.0,60.0,0
484,,14000.0,9471.35,0.0,0.0,284.0,290.0,0
384,,26000.0,1200.64,1361.34,60.7,0.0,1265.88,0
787,,10000.0,49.85,198.07,0.0,27.0,148.22,0
555,,14000.0,-1.2,0.0,0.0,0.0,0.0,0
939,,5000.0,0.0,0.0,0.0,0.0,0.0,0
541,,20000.0,0.0,0.0,0.0,0.0,0.0,0
882,,18000.0,124.36,124.36,0.0,27.0,122.59,0
708,,6300.0,2487.31,478.46,107.0,75.0,400.0,0
723,,25800.0,180.68,0.0,0.0,27.0,30.0,0
233,,26000.0,363.97,363.97,0.0,27.0,0.0,0
404,,9000.0,0.0,0.0,0.0,0.0,0.0,0
989,,500.0,463.05,157.39,0.0,27.0,177.0,0
277,,1000.0,0.0,0.0,0.0,0.0,0.0,0
104,,26000.0,0.0,0.0,0.0,0.0,0.0,0
182,,1000.0,942.64,0.0,0.0,137.0,0.0,0
917,,5000.0,1147.17,367.43,3.81,0.0,300.0,0
180,,22000.0,6605.97,0.0,0.0,198.0,0.0,0
712,,25500.0,0.0,631.67,0.0,718.0,910.0,0
1053,,25500.0,6206.64,26.51,0.0,186.0,200.0,0
757,,4500.0,0.0,0.0,0.0,0.0,0.0,0
493,,1500.0,0.0,0.0,0.0,0.0,0.0,0
970,,7500.0,139.92,263.56,110.77,29.0,100.0,0
130,,21700.0,49.99,49.99,0.0,27.0,69.99,0
720,,500.0,20.94,20.94,0.0,20.94,0.0,0
1089,,12000.0,11871.11,55.15,0.0,710.0,340.0,0
505,,27000.0,69.5,69.5,0.0,0.0,91.8,0
385,,500.0,69.81,0.0,0.0,54.0,0.0,0
876,,1000.0,0.0,113.22,0.0,0.0,113.22,0
179,,6500.0,0.0,0.0,0.0,0.0,0.0,0
208,,15800.0,271.67,2618.08,0.0,0.0,2465.3,0
532,,1000.0,932.88,0.0,0.0,55.0,0.0,0
741,,10000.0,0.0,0.0,0.0,0.0,0.0,0
31,,1000.0,0.0,0.0,0.0,0.0,0.0,0
231,,17500.0,2776.0,447.09,0.0,124.0,100.0,0
328,,2000.0,0.0,0.0,0.0,0.0,0.0,0
156,,7500.0,0.0,0.0,0.0,0.0,0.0,0
85,,5000.0,210.53,2210.54,0.0,0.0,2737.26,0
431,,300.0,301.24,23.13,0.0,27.0,104.0,0
1024,,2000.0,573.37,0.0,0.0,0.0,100.0,0
148,,28000.0,592.37,513.54,0.0,27.0,250.0,0
234,,1000.0,0.0,0.0,0.0,0.0,0.0,0
573,,500.0,0.0,0.0,0.0,0.0,0.0,0
583,,5000.0,536.21,620.08,0.0,27.0,379.78,0
563,,600.0,566.31,11.72,0.0,27.0,30.0,0
282,,5000.0,0.0,0.0,0.0,0.0,0.0,0
692,,10500.0,9771.39,30.34,0.0,293.0,300.0,0
1097,,10000.0,4208.14,0.0,0.0,126.0,129.0,0
527,,1000.0,0.0,0.0,0.0,0.0,0.0,0
792,,300.0,0.0,0.0,0.0,0.0,0.0,0
771,,24000.0,0.0,0.0,0.0,0.0,0.0,0
194,,3000.0,0.0,0.0,0.0,0.0,0.0,0
383,,1000.0,630.23,0.0,0.0,135.0,0.0,0
940,,4500.0,0.0,0.0,0.0,0.0,0.0,0
995,,7000.0,0.0,0.0,0.0,0.0,0.0,0
904,,22500.0,0.0,0.0,0.0,0.0,0.0,0
424,,4000.0,0.0,0.0,0.0,0.0,0.0,0
971,,14000.0,0.0,0.0,0.0,0.0,0.0,0
387,,5000.0,4438.34,530.48,0.0,133.0,250.0,0
213,,500.0,147.04,85.14,0.0,0.0,100.0,0
609,,1000.0,0.0,0.0,0.0,0.0,0.0,0
474,,1000.0,0.0,0.0,0.0,0.0,0.0,0
833,,13000.0,2079.12,0.0,0.0,62.0,150.0,0
242,,300.0,0.0,0.0,0.0,0.0,0.0,0
169,,3200.0,2316.08,0.0,0.0,69.0,156.0,0
736,,10000.0,98.03,0.0,0.0,27.0,100.0,0
656,,300.0,0.0,0.0,0.0,0.0,0.0,0
353,,13500.0,723.79,748.74,24.95,27.0,2050.51,0
63,,20000.0,0.0,0.0,0.0,0.0,0.0,0
922,,1000.0,0.0,0.0,0.0,0.0,0.0,0
927,,18500.0,303.2,303.2,0.0,27.0,0.0,0
1043,,500.0,0.0,0.0,0.0,0.0,0.0,0
865,,7000.0,0.0,0.0,0.0,0.0,0.0,0
165,,300.0,98.88,388.78,3.49,27.0,390.0,0
849,,18500.0,339.33,339.33,0.0,27.0,511.9,0
695,,6000.0,6026.46,6662.48,0.0,180.0,4080.0,0
184,,500.0,75.74,183.67,0.0,29.0,120.0,0
768,,19000.0,0.0,0.0,0.0,0.0,0.0,0
488,,14800.0,727.5,727.5,0.0,0.0,1420.03,0
856,,3750.0,0.0,0.0,0.0,0.0,0.0,0
820,,15000.0,0.0,0.0,0.0,0.0,0.0,0
603,,27800.0,197.7,197.7,0.0,27.0,464.51,0
727,,4250.0,0.0,0.0,0.0,0.0,0.0,0
478,,17500.0,1050.1,371.88,20.57,0.0,400.0,0
714,,2000.0,0.0,0.0,0.0,0.0,0.0,0
613,,4000.0,2934.46,0.0,0.0,88.0,100.0,0
338,,2000.0,817.45,178.81,0.0,27.0,278.0,0
391,,1000.0,0.0,0.0,0.0,0.0,0.0,0
411,,10000.0,4073.24,0.0,0.0,122.0,255.0,0
72,,25000.0,42.37,264.15,0.0,0.0,329.61,0
866,,28500.0,-98.52,99.0,0.0,0.0,300.0,0
430,,2000.0,0.0,0.0,0.0,29.0,29.0,0
622,,7500.0,-2.0,0.0,0.0,0.0,0.0,0
719,,4500.0,3324.6,0.0,0.0,100.0,101.0,0
347,,500.0,0.0,0.0,0.0,0.0,0.0,0
1076,,10000.0,0.0,0.0,0.0,0.0,0.0,0
464,,7000.0,6703.75,329.64,0.0,201.0,200.0,0
915,,2500.0,1896.29,0.0,0.0,57.0,120.0,0
1021,,1000.0,0.0,0.0,0.0,0.0,0.0,0
485,,10000.0,2919.24,561.0,0.0,88.0,200.0,0
369,,5000.0,2810.38,781.48,0.0,84.0,0.0,0
861,,26000.0,2522.33,181.73,0.0,76.0,400.0,0
810,,21000.0,0.0,0.0,0.0,0.0,0.0,0
748,,17500.0,260.06,1165.43,0.0,27.0,3630.39,0
84,,28000.0,2455.17,0.0,0.0,74.0,85.0,0
895,,12500.0,247.55,945.64,0.0,27.0,658.91,0
171,,23000.0,212.2,212.2,0.0,27.0,2.65,0
378,,9500.0,0.0,0.0,0.0,0.0,0.0,0
829,,2000.0,2063.17,0.0,0.0,119.0,60.0,0
311,,9000.0,0.0,0.0,0.0,0.0,0.0,0
77,,1000.0,953.04,10.35,0.0,83.0,0.0,0
325,,5000.0,3791.08,788.83,83.32,0.0,100.0,0
435,,8500.0,0.0,0.0,0.0,0.0,0.0,0
62,,5000.0,357.7,0.0,0.0,20.0,80.0,0
743,,3550.0,0.0,0.0,0.0,0.0,0.0,0
99,,500.0,44.87,57.46,0.0,0.0,0.0,0
1112,,22500.0,877.51,895.36,0.0,27.0,1925.13,0
446,,6500.0,3121.44,0.0,0.0,94.0,300.0,0
1074,,13000.0,0.0,0.0,0.0,0.0,0.0,0
422,,20500.0,5260.69,821.71,0.0,158.0,400.0,0
508,,10500.0,0.0,0.0,0.0,0.0,0.0,0
1111,,9700.0,9741.99,297.39,0.0,291.0,289.0,0
568,,28000.0,1528.68,1528.68,0.0,46.0,1009.04,0
315,,27500.0,5522.47,0.0,0.0,166.0,250.0,0
64,,25000.0,0.0,46.52,0.0,0.0,46.52,0
1120,,17500.0,2694.12,0.0,0.0,239.0,0.0,1
1121,,2000.0,2198.77,0.0,0.0,247.0,0.0,1
1122,,2000.0,2071.0,402.64,0.0,135.0,0.0,1
1123,,19000.0,0.0,0.0,0.0,1710.0,0.0,1
1124,,8500.0,2940.86,0.0,0.0,262.0,0.0,1
1125,,6000.0,4227.09,0.0,0.0,380.0,0.0,1
1126,,500.0,686.54,0.0,0.0,81.0,0.0,1
1127,,500.0,650.49,0.0,0.0,81.0,0.0,1
1128,,7500.0,7011.97,13.07,0.0,609.0,225.0,1
1129,,5000.0,85.41,0.0,0.0,74.03,0.0,1
1130,,3000.0,3160.94,0.0,0.0,264.0,0.0,1
1131,,500.0,655.03,81.96,0.0,81.0,0.0,1
1132,,10000.0,8523.74,0.0,0.0,765.0,0.0,1
1133,,10000.0,9367.98,0.0,0.0,820.0,0.0,1
1134,,1000.0,1003.85,0.0,0.0,89.0,0.0,1
1135,,3500.0,3561.65,0.0,0.0,313.0,0.0,1
1136,,2000.0,628.2,0.0,0.0,60.0,0.0,1
1137,,2000.0,659.82,0.0,0.0,60.0,0.0,1
1138,,3000.0,3227.22,0.0,0.0,382.0,0.0,1
1139,,3000.0,3064.16,0.0,0.0,202.0,0.0,1
1140,,2500.0,104.35,0.0,0.0,81.0,0.0,1
1141,,500.0,535.51,0.0,0.0,81.0,0.0,1
1142,,2000.0,1977.39,0.0,0.0,172.0,0.0,1
1143,,2000.0,1569.58,0.0,0.0,139.0,0.0,1
1144,,15000.0,15740.29,0.0,0.0,1225.0,0.0,1
1145,,4200.0,3207.74,0.0,0.0,285.0,0.0,1
1146,,17500.0,6716.25,0.0,0.0,600.0,0.0,1
1147,,2000.0,1280.4,0.0,0.0,115.0,0.0,1
1148,,2000.0,1295.63,0.0,0.0,116.0,0.0,1
1149,,1500.0,1636.7,0.0,0.0,135.0,0.0,1
1150,,1500.0,1644.65,0.0,0.0,135.0,0.0,1
1151,,1500.0,1527.98,0.0,0.0,134.0,0.0,1
1152,,1500.0,1516.51,0.0,0.0,135.0,0.0,1
1153,,1500.0,1534.0,0.0,0.0,135.0,0.0,1
1154,,4500.0,135.52,0.0,0.0,81.0,0.0,1
1155,,15000.0,10853.66,0.0,0.0,966.0,0.0,1
1156,,3500.0,500.45,0.0,0.0,60.0,0.0,1
1157,,3000.0,2526.44,0.0,0.0,191.0,100.0,1
1158,,500.0,99.62,0.0,0.0,87.0,0.0,1
1159,,5000.0,5210.72,0.0,0.0,445.0,0.0,1
1160,,500.0,543.35,0.0,0.0,81.0,0.0,1
1161,,2000.0,1850.81,0.0,0.0,166.0,0.0,1
1162,,10400.0,10047.25,0.0,0.0,889.0,0.0,1
1163,,1000.0,1086.62,0.0,0.0,89.0,0.0,1
1164,,1500.0,568.0,0.0,0.0,81.0,0.0,1
1165,,5000.0,4432.54,0.0,0.0,392.0,0.0,1
1166,,500.0,576.34,0.0,0.0,81.0,0.0,1
1167,,4000.0,3725.06,0.0,0.0,330.0,0.0,1
1168,,2500.0,2456.15,0.0,0.0,221.0,0.0,1
1169,,5000.0,4660.12,0.0,0.0,421.0,0.0,1
1170,,1000.0,380.84,0.0,0.0,81.0,0.0,1
1171,,5000.0,5062.23,0.0,0.0,442.0,0.0,1
1172,,2500.0,2192.79,0.0,0.0,192.0,0.0,1
1173,,7000.0,6864.96,0.0,0.0,611.0,210.0,1
1174,,1000.0,79.14,0.0,0.0,60.0,0.0,1
1175,,1000.0,172.74,0.0,0.0,60.0,0.0,1
1176,,300.0,209.58,0.0,0.0,81.0,0.0,1
1177,,5000.0,5074.31,0.0,0.0,448.0,0.0,1
1178,,4000.0,1369.54,0.0,0.0,120.0,0.0,1
1179,,3000.0,2923.85,0.0,0.0,255.13,1.41,1
1180,,12000.0,2625.82,0.0,0.0,171.0,50.0,1
1181,,2000.0,2048.04,0.0,0.0,180.0,0.0,1
1182,,800.0,716.53,0.0,0.0,81.0,0.0,1
1183,,2000.0,1762.48,0.0,0.0,154.0,0.0,1
1184,,7000.0,7109.13,0.0,0.0,629.0,0.0,1
1185,,2500.0,2315.13,0.0,0.0,203.0,0.0,1
1186,,5000.0,5170.76,0.0,0.0,450.0,0.0,1
1187,,2500.0,716.48,0.0,0.0,81.0,0.0,1
1188,,2500.0,923.87,0.0,0.0,82.0,0.0,1
1189,,2000.0,2169.87,0.0,0.0,180.0,0.0,1
1190,,2500.0,2576.42,19.0,0.0,216.0,0.0,1
1191,,500.0,461.6,0.0,0.0,81.0,0.0,1
1192,,5000.0,5299.01,0.0,0.0,450.0,0.0,1
1193,,7200.0,6814.77,114.04,0.0,593.0,0.0,1
1194,,9000.0,67.22,0.0,0.0,67.22,0.0,1
1195,,5000.0,5118.92,0.0,0.0,446.0,0.0,1
1196,,8000.0,2129.5,0.0,0.0,187.0,0.0,1
1197,,16500.0,15.84,0.0,0.0,15.84,0.0,1
1198,,500.0,8.02,0.0,0.0,8.02,0.0,1
1199,,4000.0,2758.16,181.22,0.0,212.0,0.0,1
1200,,300.0,347.98,0.0,0.0,81.0,0.0,1
1201,,2000.0,1893.79,0.0,0.0,167.0,0.0,1
1202,,2000.0,2072.2,0.0,0.0,178.0,0.0,1
1203,,1000.0,777.71,0.0,0.0,58.0,10.0,1
1204,,8000.0,7788.79,0.0,0.0,676.52,483.0,1
1205,,8000.0,8154.8,0.0,0.0,925.52,310.0,1
1206,,8000.0,8325.17,0.0,0.0,995.52,200.48,1
1207,,4500.0,717.6,0.0,0.0,63.0,0.0,1
1208,,5000.0,5092.85,0.0,19.14,408.0,0.0,1
1209,,3000.0,3106.5,0.0,0.0,270.0,0.0,1
1210,,2000.0,2058.77,0.0,0.0,177.0,0.0,1
1211,,300.0,403.37,0.0,0.0,81.0,0.0,1
1212,,5000.0,5236.58,275.68,0.0,428.0,0.0,1
1213,,13000.0,13221.45,0.0,0.0,1144.0,0.0,1
1214,,2000.0,1140.62,0.0,0.0,98.0,0.0,1
1215,,5000.0,2610.39,0.0,0.0,213.0,0.0,1
1216,,500.0,519.86,0.0,0.0,81.0,0.0,1
1217,,300.0,207.23,0.0,0.0,81.0,0.0,1
1218,,5000.0,4917.23,0.0,0.0,441.0,0.0,1
1219,,4000.0,3521.67,0.0,0.0,321.0,0.0,1
1220,,2000.0,2066.65,0.0,0.0,180.63,0.0,1
1221,,2000.0,1873.28,0.0,0.0,166.0,0.0,1
1222,,800.0,856.66,0.0,0.0,81.0,0.0,1
1223,,2000.0,2113.68,0.0,0.0,180.0,0.0,1
1224,,1000.0,296.66,0.0,0.0,60.0,0.0,1
1225,,5000.0,1630.63,0.0,0.0,114.0,30.0,1
1226,,6000.0,1914.98,0.0,0.0,270.0,73.0,1
1227,,6000.0,1959.95,0.0,0.0,270.0,73.0,1
1228,,6000.0,2004.29,0.0,0.0,270.0,73.0,1
1229,,6000.0,2047.96,0.0,0.0,270.0,73.0,1
1230,,6000.0,2090.97,0.0,0.0,270.0,73.0,1
1231,,6000.0,2133.32,0.0,0.0,270.0,73.0,1
1232,,6000.0,2314.55,0.0,0.0,203.0,0.0,1
1233,,500.0,593.72,0.0,0.0,81.0,0.0,1
1234,,1700.0,1033.56,0.0,0.0,93.0,0.0,1
1235,,2000.0,879.1,0.0,0.0,80.0,56.0,1
1236,,2000.0,879.77,0.0,0.0,81.0,0.0,1
1237,,5000.0,4229.61,0.0,0.0,375.0,0.0,1
1238,,2000.0,2142.08,0.0,0.0,180.0,0.0,1
1239,,2000.0,1583.0,0.0,0.0,137.0,0.0,1
1240,,1000.0,943.73,0.0,0.0,83.0,0.0,1
1241,,2000.0,95.39,0.0,0.0,81.91,0.0,1
1242,,5000.0,5288.5,0.0,0.0,410.0,0.0,1
1243,,9000.0,7488.57,0.0,0.0,683.0,228.0,1
1244,,1000.0,1027.81,0.0,0.0,89.0,0.0,1
1245,,1000.0,1088.03,0.0,0.0,90.0,0.0,1
1246,,8000.0,8066.35,0.0,0.0,636.0,500.0,1
1247,,8000.0,8467.1,0.0,0.0,896.0,40.0,1
1248,,8000.0,8370.18,19.28,0.0,696.0,0.0,1
1249,,2000.0,2117.19,0.0,0.0,177.0,0.0,1
1250,,2500.0,2514.19,0.0,0.0,223.0,0.0,1
1251,,2500.0,2503.41,0.0,0.0,223.0,0.0,1
1252,,2500.0,2630.03,0.0,0.0,225.0,0.0,1
1253,,25500.0,2939.69,0.0,0.0,259.0,0.0,1
1254,,25500.0,1331.76,0.0,0.0,117.0,0.0,1
1255,,5000.0,5140.91,0.0,0.0,420.0,0.0,1
1256,,2000.0,395.84,0.0,0.0,48.0,20.0,1
1257,,500.0,546.48,0.0,0.0,81.0,0.0,1
1258,,13000.0,13462.71,6.38,0.0,1170.0,0.0,1
1259,,2000.0,1940.18,0.0,0.0,225.0,0.0,1
1260,,2000.0,1879.86,0.0,0.0,167.0,0.0,1
1261,,500.0,525.39,0.0,0.0,108.0,0.0,1
1262,,500.0,517.89,0.0,0.0,81.0,0.0,1
1263,,2000.0,2130.6,0.0,0.0,180.0,0.0,1
1264,,500.0,131.55,0.0,0.0,81.0,0.0,1
1265,,5000.0,5274.83,0.0,0.0,449.0,0.0,1
1266,,1000.0,1020.97,0.0,0.0,88.0,0.0,1
1267,,2000.0,7.14,0.0,0.0,7.14,0.0,1
1268,,2000.0,1396.11,0.0,0.0,121.0,0.0,1
1269,,300.0,332.47,0.0,0.0,81.0,0.0,1
1270,,1000.0,920.64,0.0,0.0,82.0,0.0,1
1271,,1000.0,946.32,0.0,0.0,82.0,0.0,1
1272,,16500.0,15048.81,0.0,0.0,1199.0,100.0,1
1273,,1000.0,913.35,0.0,0.0,81.0,0.0,1
1274,,500.0,610.79,0.0,0.0,81.0,0.0,1
1275,,27300.0,4511.6,4.5,0.0,403.0,0.0,1
1276,,3150.0,2940.62,0.0,0.0,260.0,0.0,1
1277,,5000.0,3201.53,0.0,0.0,282.0,0.0,1
1278,,1000.0,1075.86,0.0,0.0,87.0,0.0,1
1279,,1000.0,1070.7,0.0,0.0,90.0,0.0,1
1280,,1000.0,972.2,0.0,0.0,79.0,0.0,1
1281,,1000.0,1128.91,0.0,0.0,90.0,0.0,1
1282,,2000.0,2079.69,0.0,0.0,180.0,0.0,1
1283,,7000.0,7213.44,0.0,0.0,629.0,0.0,1
1284,,12800.0,13066.65,0.0,0.0,1114.0,0.0,1
1285,,1500.0,1613.41,0.0,0.0,135.0,0.0,1
1286,,300.0,245.05,0.0,0.0,81.0,0.0,1
1287,,18000.0,15928.27,0.0,0.0,1433.0,0.0,1
1288,,6500.0,6753.45,0.0,0.0,585.0,0.0,1
1289,,3000.0,1213.12,0.0,0.0,109.0,0.0,1
1290,,1000.0,1088.54,0.0,0.0,90.0,0.0,1
1291,,1000.0,1010.75,117.16,0.0,84.0,0.0,1
1292,,5000.0,4418.29,0.0,0.0,393.0,0.0,1
1293,,10000.0,8857.08,0.0,0.0,1018.0,0.0,1
1294,,10000.0,8730.44,0.0,0.0,752.0,300.0,1
1295,,7500.0,7743.81,0.0,0.0,675.0,0.0,1
1296,,5000.0,5076.01,55.0,0.0,305.0,50.0,1
1297,,5000.0,1661.46,0.0,0.0,147.0,0.0,1
1298,,5000.0,4391.4,0.0,0.0,338.0,0.0,1
1299,,5000.0,4813.0,0.0,0.0,426.0,0.0,1
1300,,1000.0,905.92,0.0,0.0,81.0,0.0,1
1301,,5000.0,1439.98,0.0,0.0,131.0,0.0,1
1302,,5000.0,1454.79,0.0,0.0,127.0,0.0,1
1303,,5000.0,4214.79,0.0,0.0,365.0,0.0,1
1304,,5000.0,5058.36,0.0,0.0,448.0,0.0,1
1305,,5000.0,4813.32,0.0,0.0,437.0,0.0,1
1306,,3500.0,3460.47,59.98,28.95,278.0,0.0,1
1307,,500.0,538.27,0.0,0.0,77.82,0.0,1
1308,,5000.0,5228.13,0.0,0.0,450.0,0.0,1
1309,,500.0,1050.73,0.0,0.0,81.0,0.0,1
1310,,10000.0,9646.86,0.0,0.0,688.0,500.0,1
1311,,10000.0,10196.85,0.0,0.0,899.0,0.0,1
1312,,1000.0,1611.71,0.0,0.0,85.0,5.0,1
1313,,2000.0,32.07,0.0,0.0,32.07,0.0,1
1314,,8000.0,7204.64,0.0,0.0,640.0,0.0,1
1315,,8000.0,7642.7,0.0,0.0,706.0,475.0,1
1316,,8000.0,7916.47,0.0,0.0,712.0,45.0,1
1317,,8000.0,6765.67,0.0,0.0,474.88,352.12,1
1318,,1000.0,1370.52,0.0,0.0,90.0,0.0,1
1319,,2000.0,2082.81,0.0,0.0,179.0,0.0,1
1320,,2000.0,2013.61,0.0,0.0,178.0,0.0,1
1321,,21000.0,14471.85,0.0,0.0,1317.0,0.0,1
1322,,21000.0,16170.39,0.0,101.53,1481.0,0.0,1
1323,,1000.0,6.08,0.0,0.0,6.08,0.0,1
1324,,2500.0,1347.25,0.0,0.0,121.0,0.0,1
1325,,2500.0,1354.1,0.0,0.0,119.0,0.0,1
1326,,6000.0,2295.81,0.0,0.0,202.0,0.0,1
1327,,15000.0,12637.01,0.0,0.0,1145.0,0.0,1
1328,,2000.0,2068.94,0.0,0.0,180.0,0.0,1
1329,,29500.0,383.69,0.0,0.0,81.0,0.0,1
1330,,1000.0,786.22,0.0,0.0,81.0,0.0,1
1331,,6000.0,6109.67,0.0,0.0,538.0,0.0,1
1332,,8300.0,200.14,0.0,0.0,81.0,0.0,1
1333,,30000.0,27719.5,0.0,0.0,2469.0,0.0,1
1334,,500.0,545.06,96.74,0.0,81.0,0.0,1
1335,,1000.0,883.3,0.0,0.0,68.0,0.0,1
1336,,10000.0,10375.24,0.0,0.0,900.0,0.0,1
1337,,500.0,532.0,0.0,0.0,66.0,10.0,1
1338,,14500.0,11129.98,0.0,0.0,987.0,0.0,1
1339,,3000.0,2541.65,0.0,0.0,225.0,0.0,1
1340,,3500.0,3227.02,0.0,0.0,297.0,200.0,1
1341,,2500.0,2692.98,0.0,0.0,217.0,0.0,1
1342,,20000.0,17070.69,0.0,0.0,1544.0,0.0,1
1343,,7000.0,7235.71,0.0,0.0,625.0,0.0,1
1344,,1000.0,1128.92,0.0,0.0,90.0,0.0,1
1345,,2500.0,2566.74,0.0,0.0,223.0,0.0,1
1346,,1000.0,1222.6,0.0,0.0,90.0,0.0,1
1347,,1000.0,1102.93,0.0,0.0,89.0,0.0,1
1348,,1000.0,951.64,0.0,0.0,83.0,0.0,1
1349,,2000.0,2148.21,0.0,0.0,180.0,0.0,1
1350,,5000.0,2255.64,0.0,0.0,201.0,0.0,1
1351,,10000.0,6.18,0.0,0.0,6.18,0.0,1
1352,,15000.0,28043.76,0.0,0.0,1550.0,200.0,1
1353,,15000.0,27932.72,0.0,0.0,1300.0,500.0,1
1354,,2000.0,2124.07,0.0,0.0,180.0,0.0,1
1355,,8800.0,1222.46,0.0,0.0,106.0,0.0,1
1356,,8800.0,9163.13,0.0,0.0,792.0,0.0,1
1357,,3000.0,998.95,0.0,0.0,87.0,0.0,1
1358,,10000.0,8458.34,0.0,0.0,765.0,0.0,1
1359,,2500.0,2380.52,0.0,0.0,209.0,0.0,1
1360,,7800.0,7696.71,0.0,0.0,693.0,0.0,1
1361,,3000.0,3078.18,0.0,0.0,266.0,0.0,1
1362,,1000.0,560.11,0.0,0.0,60.0,0.0,1
1363,,1000.0,1021.8,0.0,0.0,88.0,0.0,1
1364,,2000.0,1577.49,163.19,0.0,115.0,0.0,1
1365,,1000.0,748.1,0.0,0.0,65.0,0.0,1
1366,,1000.0,889.94,0.0,0.0,78.0,0.0,1
1367,,2000.0,1728.4,0.0,0.0,159.0,149.0,1
1368,,2000.0,1689.47,0.0,0.0,149.0,0.0,1
1369,,2000.0,1702.29,0.0,0.0,153.0,0.0,1
1370,,3500.0,2005.87,0.0,0.0,180.0,0.0,1
1371,,1000.0,1070.99,0.0,0.0,89.0,0.0,1
1372,,5250.0,2032.88,0.0,0.0,180.0,0.0,1
1373,,5250.0,2166.04,0.0,0.0,190.0,0.0,1
1374,,5250.0,2347.44,0.0,0.0,206.0,0.0,1
1375,,2000.0,1884.66,0.0,0.0,164.0,0.0,1
1376,,28000.0,28220.4,17.57,0.0,2220.0,300.0,1
1377,,3500.0,3036.17,0.0,0.0,441.79,0.0,1
1378,,7000.0,7405.29,0.0,0.0,630.0,0.0,1
1379,,14000.0,7494.2,0.0,0.0,717.57,0.0,1
1380,,28500.0,14246.66,0.0,0.0,1222.0,25.0,1
1381,,1000.0,592.99,0.0,0.0,60.0,0.0,1
1382,,3500.0,1805.87,0.0,0.0,158.0,0.0,1
1383,,4000.0,1538.9,0.0,0.0,134.0,98.0,1
1384,,4000.0,1576.43,0.0,0.0,137.0,0.0,1
1385,,12000.0,11939.02,0.0,0.0,1055.0,0.0,1
1386,,1000.0,1481.03,0.0,0.0,90.0,0.0,1
1387,,1000.0,1450.49,0.0,0.0,90.0,0.0,1
1388,,1000.0,1396.61,0.0,0.0,90.0,0.0,1
1389,,1000.0,1291.71,0.0,0.0,90.0,0.0,1
1390,,3500.0,2900.56,0.0,0.0,260.0,0.0,1
1391,,2500.0,1237.5,0.0,0.0,110.0,0.0,1
1392,,500.0,545.56,0.0,0.0,81.0,0.0,1
1393,,1000.0,1058.1,0.0,0.0,90.0,0.0,1
1394,,2000.0,1271.88,0.0,0.0,113.0,0.0,1
1395,,2000.0,2031.65,0.0,0.0,176.0,0.0,1
1396,,5000.0,4572.66,0.0,0.0,406.0,0.0,1
1397,,5000.0,5210.05,36.2,0.0,440.0,0.0,1
1398,,2000.0,2015.79,0.0,0.0,138.0,100.0,1
1399,,2500.0,2571.27,0.0,0.0,225.29,0.0,1
1400,,3000.0,1510.94,0.0,0.0,132.0,0.0,1
1401,,3000.0,1573.28,0.0,0.0,139.0,0.0,1
1402,,4000.0,3927.14,0.0,0.0,251.81,0.0,1
1403,,3500.0,3613.84,0.0,0.0,311.0,0.0,1
1404,,2000.0,1710.2,0.0,0.0,148.0,0.0,1
1405,,2000.0,1994.27,0.0,0.0,228.0,0.0,1
1406,,2000.0,1928.92,0.0,0.0,168.0,0.0,1
1407,,20500.0,13994.99,0.0,0.0,1272.32,0.0,1
1408,,2000.0,1116.23,0.0,0.0,98.0,0.0,1
1409,,2000.0,1092.39,0.0,0.0,95.0,0.0,1
1410,,1500.0,1690.06,0.0,0.0,135.0,0.0,1
1411,,1000.0,929.0,0.0,0.0,83.0,0.0,1
1412,,26000.0,26218.66,0.0,0.0,2313.0,0.0,1
1413,,300.0,153.38,0.0,0.0,81.0,0.0,1
1414,,1000.0,460.3,0.0,0.0,81.0,0.0,1
1415,,15800.0,11094.3,0.0,0.0,985.0,0.0,1
1416,,3500.0,3264.09,0.0,0.0,293.0,0.0,1
1417,,3000.0,3197.35,0.0,0.0,270.0,0.0,1
1418,,500.0,246.94,0.0,0.0,81.0,0.0,1
1419,,2000.0,1317.41,0.0,0.0,120.0,0.0,1
1420,,10000.0,9368.55,140.0,0.0,579.75,200.0,1
1421,,7000.0,6903.86,0.0,0.0,608.0,0.0,1
1422,,2000.0,2140.1,0.0,0.0,178.0,0.0,1
1423,,2000.0,2109.35,0.0,0.0,180.0,0.0,1
1424,,2000.0,2115.32,0.0,0.0,180.0,0.0,1
1425,,18500.0,13806.2,0.0,0.0,1228.0,0.0,1
1426,,5000.0,907.79,0.0,0.0,85.0,0.0,1
1427,,500.0,540.98,0.0,0.0,81.0,0.0,1
1428,,8500.0,929.31,172.48,0.0,72.0,10.0,1
1429,,500.0,172.93,0.0,0.0,81.0,0.0,1
1430,,20000.0,8167.21,0.0,0.0,726.0,0.0,1
1431,,10000.0,3105.83,0.0,0.0,275.0,0.0,1
1432,,25000.0,1963.9,106.14,0.0,153.0,0.0,1
1433,,15000.0,15092.28,0.0,0.0,1111.0,0.0,1
1434,,500.0,531.06,0.0,0.0,81.0,0.0,1
1435,,1500.0,964.49,0.0,0.0,85.0,0.0,1
1436,,1500.0,908.8,0.0,0.0,80.0,0.0,1
1437,,5000.0,4498.33,0.0,0.0,309.0,100.0,1
1438,,7500.0,4829.61,0.0,0.0,613.0,0.0,1
1439,,7500.0,4869.69,0.0,0.0,582.0,200.0,1
1440,,7500.0,4996.36,0.0,0.0,636.0,100.0,1
1441,,500.0,590.24,0.0,0.0,81.0,0.0,1
1442,,10000.0,6232.03,0.0,0.0,544.0,200.0,1
1443,,1000.0,442.83,0.0,0.0,81.0,0.0,1
1444,,500.0,586.72,0.0,0.0,81.0,0.0,1
1445,,2500.0,2568.72,0.0,0.0,225.0,0.0,1
1446,,12500.0,10377.77,0.0,0.0,941.0,0.0,1
1447,,500.0,558.02,0.0,0.0,81.0,0.0,1
1448,,15000.0,14788.43,0.0,0.18,1103.0,100.0,1
1449,,3500.0,3216.29,0.0,0.0,282.0,0.0,1
1450,,3500.0,3363.47,0.0,0.0,207.0,90.0,1
1451,,500.0,533.93,0.0,0.0,81.0,0.0,1
1452,,30000.0,30278.0,0.0,0.0,2677.0,900.0,1
1453,,16200.0,16485.89,0.0,0.0,1388.0,0.0,1
1454,,4000.0,3919.07,0.0,0.0,345.0,0.0,1
1455,,4000.0,4156.82,0.0,0.0,360.0,0.0,1
1456,,2000.0,1070.21,0.0,0.0,99.0,60.0,1
1457,,300.0,359.91,0.0,0.0,81.0,0.0,1
1458,,10800.0,8029.61,0.0,0.0,728.0,0.0,1
1459,,1000.0,850.93,0.0,0.0,81.0,0.0,1
1460,,1500.0,1460.36,0.0,0.0,132.0,0.0,1
1461,,18000.0,32.24,0.0,0.0,32.24,0.0,1
1462,,500.0,462.36,85.78,0.0,85.0,0.0,1
1463,,19000.0,779.7,0.0,0.0,81.0,0.0,1
1464,,500.0,34.56,0.0,0.0,34.56,0.0,1
1465,,2000.0,1894.71,0.0,0.0,169.0,0.0,1
1466,,2000.0,1890.17,0.0,0.0,170.0,0.0,1
1467,,2500.0,1517.81,0.0,0.0,132.0,0.0,1
1468,,2000.0,1589.62,0.0,0.0,99.0,0.0,1
1469,,3500.0,2866.18,0.0,0.0,257.0,0.0,1
1470,,3500.0,3081.05,0.0,0.0,276.0,0.0,1
1471,,3500.0,3224.73,0.0,0.0,290.0,0.0,1
1472,,12500.0,13019.83,0.0,0.0,1125.0,0.0,1
1473,,7500.0,7752.32,0.0,0.0,672.0,0.0,1
1474,,5000.0,4321.74,0.0,0.0,335.0,0.0,1
1475,,5000.0,4755.63,0.0,0.0,314.68,261.32,1
1476,,5000.0,4963.25,27.51,0.0,433.0,0.0,1
1477,,4000.0,1392.04,0.0,0.0,125.0,0.0,1
1478,,14000.0,302.7,0.0,0.0,81.0,0.0,1
1479,,24300.0,19846.54,0.0,0.0,1765.0,0.0,1
1480,,5000.0,1482.76,0.0,0.0,135.0,0.0,1
1481,,10500.0,10202.5,0.0,0.0,913.0,0.0,1
1482,,2000.0,2058.81,0.0,0.0,168.0,0.0,1
1483,,2000.0,2078.14,0.0,0.0,148.0,50.0,1
1484,,2000.0,2068.18,0.0,0.0,138.0,50.0,1
1485,,30000.0,30967.97,0.0,0.0,2700.0,0.0,1
1486,,500.0,575.58,0.0,0.0,81.0,0.0,1
1487,,4000.0,3917.16,0.0,0.0,354.0,0.0,1
1488,,5000.0,2969.71,0.0,0.0,248.0,0.0,1
1489,,5000.0,3409.34,0.0,0.0,310.0,200.0,1
1490,,5000.0,3434.72,0.0,0.0,302.0,0.0,1
1491,,5000.0,4761.66,0.0,0.0,426.0,0.0,1
1492,,2000.0,2135.68,0.0,0.0,180.0,0.0,1
1493,,2000.0,1153.92,0.0,0.0,100.0,0.0,1
1494,,18000.0,14.2,0.0,0.0,14.2,0.0,1
1495,,17300.0,1371.47,0.0,0.0,120.0,0.0,1
1496,,8000.0,1115.27,0.0,0.0,79.0,0.0,1
1497,,8000.0,1112.13,0.0,0.0,78.0,0.0,1
1498,,3000.0,3076.27,0.0,0.0,268.0,0.0,1
1499,,6500.0,5499.92,0.0,0.0,499.0,0.0,1
1500,,6500.0,6285.81,0.0,0.0,569.0,0.0,1
1501,,6500.0,6464.86,0.0,0.0,572.0,0.0,1
1502,,3500.0,3530.7,0.0,75.0,313.0,0.0,1
1503,,2500.0,1737.31,0.0,0.0,155.0,0.0,1
1504,,20000.0,19542.04,0.0,0.0,1467.0,400.0,1
1505,,1000.0,1093.32,0.0,0.0,89.0,0.0,1
1506,,10000.0,2418.87,0.0,0.0,214.0,0.0,1
1507,,1000.0,882.38,0.0,0.0,81.0,0.0,1
1508,,4000.0,3700.31,0.0,0.0,333.0,0.0,1
1509,,7500.0,5734.67,0.0,0.0,536.0,0.0,1
1510,,7500.0,6206.44,0.0,0.0,561.0,0.0,1
1511,,20000.0,9988.89,0.0,0.0,916.0,0.0,1
1512,,20000.0,10584.13,0.0,0.0,942.0,0.0,1
1513,,1000.0,712.18,0.0,0.0,61.0,0.0,1
1514,,1000.0,1265.98,0.0,0.0,90.0,0.0,1
1515,,1000.0,1240.62,0.0,0.0,90.0,0.0,1
1516,,1000.0,1205.05,0.0,0.0,90.0,0.0,1
1517,,1000.0,1195.71,0.0,0.0,90.0,0.0,1
1518,,1500.0,1377.98,0.0,0.0,123.0,0.0,1
1519,,10000.0,10103.73,0.0,0.0,866.0,0.0,1
1520,,2500.0,675.19,0.0,0.0,81.0,0.0,1
1521,,4000.0,3755.43,0.0,0.0,331.0,0.0,1
1522,,1500.0,1614.64,0.0,0.0,135.0,0.0,1
1523,,1500.0,1609.79,0.0,0.0,135.0,0.0,1
1524,,1500.0,1689.95,0.0,0.0,135.0,0.0,1
1525,,2000.0,1170.58,0.0,0.0,102.0,0.0,1
1526,,10500.0,10577.81,0.0,0.0,758.54,150.46,1
1527,,5300.0,1930.56,0.0,0.0,173.0,0.0,1
1528,,2000.0,1288.64,0.0,0.0,91.0,0.0,1
1529,,2000.0,1302.24,0.0,0.0,115.0,0.0,1
1530,,1000.0,350.63,0.0,0.0,81.0,0.0,1
1531,,12000.0,115.49,0.0,0.0,81.07,0.0,1
1532,,13000.0,12250.55,0.0,0.0,1096.0,0.0,1
1533,,22500.0,14402.57,0.0,0.0,1284.0,0.0,1
1534,,11000.0,10437.02,0.0,0.0,940.0,0.0,1
1535,,2500.0,2598.45,0.0,0.0,269.0,180.0,1
1536,,2500.0,2703.12,0.0,0.0,374.0,0.0,1
1537,,2500.0,2590.98,0.0,0.0,224.0,0.0,1
1538,,2500.0,2677.6,0.0,0.0,225.0,0.0,1
1539,,9300.0,8978.65,19.78,0.0,794.0,0.0,1
1540,,4500.0,4592.48,0.0,0.0,403.0,0.0,1
1541,,18000.0,8956.58,0.0,0.0,809.0,0.0,1
1542,,2000.0,31.92,0.0,0.0,31.92,0.0,1
1543,,2000.0,2166.89,0.0,0.0,180.0,0.0,1
1544,,1500.0,235.87,0.0,0.0,75.0,0.0,1
1545,,1000.0,1090.38,0.0,0.0,89.0,0.0,1
1546,,7000.0,6599.91,0.0,0.0,587.0,0.0,1
1547,,3000.0,3137.42,0.0,0.0,269.0,0.0,1
1548,,10000.0,9726.01,0.0,0.0,777.0,100.0,1
1549,,1000.0,1095.62,0.0,0.0,90.0,0.0,1
1550,,2000.0,1924.07,0.0,0.0,174.0,0.0,1
1551,,16500.0,10408.21,0.0,0.0,876.0,0.0,1
1552,,1000.0,1054.96,0.0,0.0,90.0,0.0,1
1553,,2000.0,742.19,0.0,0.0,81.0,0.0,1
1554,,5300.0,4120.17,0.0,0.0,364.0,0.0,1
1555,,1000.0,1071.73,0.0,0.0,89.0,0.0,1
1556,,500.0,565.9,0.0,0.0,81.0,0.0,1
1557,,16500.0,2956.21,0.0,0.0,265.0,100.0,1
1558,,2000.0,1856.16,0.0,0.0,160.0,0.0,1
1559,,7500.0,7465.76,0.0,0.0,670.0,0.0,1
1560,,7500.0,7676.74,0.0,0.0,674.0,0.0,1
1561,,22000.0,8588.04,0.0,0.0,728.0,0.0,1
1562,,8300.0,6746.12,0.0,0.0,598.0,0.0,1
1563,,11500.0,11555.0,0.0,0.0,1033.0,0.0,1
1564,,15000.0,15515.32,0.0,0.0,1350.0,0.0,1
1565,,1000.0,1155.92,0.0,0.0,90.0,0.0,1
1566,,7000.0,5684.69,0.0,0.0,484.0,200.0,1
1567,,7000.0,5341.69,0.0,0.0,345.0,300.0,1
1568,,10000.0,6794.95,0.0,0.0,794.0,0.0,1
1569,,10000.0,7620.83,0.0,0.0,692.0,0.0,1
1570,,5000.0,4775.34,0.0,0.0,434.0,146.0,1
1571,,5000.0,4836.07,0.0,0.0,437.0,0.0,1
1572,,2000.0,1101.87,0.0,0.0,98.0,0.0,1
1573,,13300.0,13736.59,0.0,0.0,1197.0,0.0,1
1574,,29300.0,28309.09,0.0,0.0,2514.0,0.0,1
1575,,10000.0,10219.09,0.0,0.0,883.0,0.0,1
1576,,25500.0,39.94,0.0,0.0,39.94,0.0,1
1577,,1000.0,1009.15,0.0,0.0,89.0,0.0,1
1578,,3000.0,1495.74,0.0,0.0,135.0,0.0,1
1579,,3000.0,2210.39,0.0,0.0,195.0,0.0,1
1580,,3000.0,2978.54,0.0,0.0,266.0,0.0,1
1581,,3000.0,3048.04,0.0,0.0,269.0,0.0,1
1582,,1000.0,1085.56,0.0,0.0,88.0,0.0,1
1583,,1000.0,1120.84,0.0,0.0,89.0,0.0,1
1584,,500.0,506.58,0.0,0.0,81.0,0.0,1
1585,,1000.0,1119.55,0.0,0.0,80.0,0.0,1
1586,,7500.0,6298.49,0.0,0.0,567.0,0.0,1
1587,,500.0,310.88,0.0,0.0,81.0,0.0,1
1588,,2000.0,1932.65,0.0,0.0,176.0,0.0,1
1589,,11500.0,8514.57,0.0,0.0,743.0,0.0,1
1590,,5500.0,5433.95,0.0,0.0,473.0,344.0,1
1591,,500.0,513.42,0.0,0.0,81.0,0.0,1
1592,,2000.0,742.6,0.0,0.0,81.0,0.0,1
1593,,20100.0,20386.97,0.0,0.0,1809.0,0.0,1
1594,,7000.0,4154.72,0.0,0.0,365.0,0.0,1
1595,,1000.0,574.84,0.0,0.0,81.0,0.0,1
1596,,1000.0,654.57,0.0,0.0,81.0,0.0,1
1597,,2500.0,2125.89,0.0,0.0,186.0,0.0,1
1598,,2500.0,2252.43,0.0,0.0,202.0,0.0,1
1599,,5400.0,5549.68,0.0,0.0,439.0,0.0,1
1600,,5000.0,5170.36,0.0,0.0,450.0,0.0,1
1601,,2500.0,2574.71,0.0,0.0,223.0,0.0,1
1602,,5000.0,3855.3,1466.68,42.79,252.0,0.0,1
1603,,2000.0,1739.76,0.0,0.0,152.0,0.0,1
1604,,3000.0,2323.24,0.0,0.0,204.0,0.0,1
1605,,8000.0,8654.45,0.0,0.0,720.0,0.0,1
1606,,2000.0,2180.32,0.0,0.0,179.0,0.0,1
1607,,1000.0,880.32,0.0,0.0,87.0,0.0,1
1608,,1000.0,1046.14,0.0,0.0,89.0,0.0,1
1609,,2000.0,1731.44,0.0,0.0,153.0,0.0,1
1610,,6050.0,5134.76,0.0,0.0,683.0,0.0,1
1611,,6050.0,5201.61,0.0,0.0,576.0,0.0,1
1612,,6050.0,5114.55,0.0,0.0,420.0,200.0,1
1613,,500.0,535.81,0.0,0.0,81.0,0.0,1
1614,,10000.0,8640.49,0.0,0.0,746.0,0.0,1
1615,,10000.0,9451.75,0.0,245.0,709.82,200.0,1
1616,,10000.0,9780.38,0.0,0.0,625.82,300.0,1
1617,,10000.0,9962.5,265.89,438.87,632.82,126.18,1
1618,,1000.0,1245.06,0.0,0.0,90.0,0.0,1
1619,,1000.0,1149.39,0.0,0.0,90.0,0.0,1
1620,,1000.0,1260.27,0.0,0.0,90.0,0.0,1
1621,,900.0,356.68,0.0,0.0,81.0,0.0,1
1622,,6000.0,2611.7,0.0,0.0,237.0,0.0,1
1623,,1500.0,1574.18,0.0,0.0,134.0,0.0,1
1624,,1000.0,173.39,0.0,0.0,60.0,0.0,1
1625,,1000.0,198.22,0.0,0.0,60.0,0.0,1
1626,,1000.0,416.14,0.0,0.0,60.0,0.0,1
1627,,1000.0,416.92,0.0,0.0,60.0,0.0,1
1628,,10000.0,7165.84,0.0,0.0,633.0,0.0,1
1629,,1500.0,908.15,0.0,0.0,78.0,0.0,1
1630,,1000.0,1069.45,0.0,0.0,90.0,0.0,1
1631,,30000.0,17308.2,0.0,0.0,1039.0,0.0,1
1632,,5000.0,291.38,0.0,0.0,60.0,0.0,1
1633,,500.0,423.2,0.0,0.0,81.0,0.0,1
1634,,1000.0,1156.15,0.0,0.0,90.0,0.0,1
1635,,1000.0,1072.17,0.0,0.0,87.0,0.0,1
1636,,500.0,503.08,0.0,0.0,81.0,0.0,1
1637,,15000.0,14418.28,0.0,0.0,1195.0,0.0,1
1638,,5000.0,4759.72,0.0,0.0,420.0,0.0,1
1639,,2500.0,2419.54,0.0,0.0,215.0,0.0,1
1640,,2500.0,2529.95,0.0,0.0,198.0,0.0,1
1641,,5000.0,4431.41,0.0,0.0,396.0,0.0,1
1642,,5000.0,5335.57,108.84,0.0,448.0,0.0,1
1643,,500.0,578.0,0.0,0.0,81.0,0.0,1
1644,,6000.0,5826.34,0.0,0.0,526.0,0.0,1
1645,,6000.0,5964.51,0.0,0.0,499.0,400.0,1
1646,,6000.0,6129.45,0.0,0.0,540.0,0.0,1
1647,,6000.0,6288.45,31.56,0.0,537.0,0.0,1
1648,,2000.0,153.1,0.0,0.0,81.0,0.0,1
1649,,1000.0,1240.35,0.0,0.0,90.0,0.0,1
1650,,3000.0,311.42,0.0,0.0,81.0,0.0,1
1651,,3000.0,374.68,0.0,0.0,81.0,0.0,1
1652,,3000.0,3097.17,0.0,0.0,270.0,0.0,1
1653,,10000.0,7903.29,0.0,0.0,702.0,0.0,1
1654,,1000.0,1149.69,0.0,0.0,90.0,0.0,1
1655,,1000.0,1116.44,0.0,0.0,90.0,0.0,1
1656,,1000.0,1119.43,0.0,0.0,90.0,0.0,1
1657,,10000.0,10434.48,145.02,0.0,900.0,0.0,1
1658,,12000.0,12392.46,0.0,0.0,1080.0,0.0,1
1659,,10000.0,9400.24,0.0,0.0,839.0,0.0,1
1660,,500.0,537.0,0.0,0.0,81.0,0.0,1
1661,,8000.0,8352.64,0.0,0.0,720.0,0.0,1
1662,,1500.0,1666.43,0.0,0.0,135.0,0.0,1
1663,,2000.0,841.93,0.0,0.0,73.0,0.0,1
1664,,10000.0,3712.73,0.0,0.0,329.0,0.0,1
1665,,2000.0,6.22,0.0,0.0,6.22,0.0,1
1666,,4500.0,3068.28,0.0,0.0,270.0,0.0,1
1667,,23000.0,3766.72,0.0,0.0,335.0,0.0,1
1668,,16000.0,8039.54,0.0,0.0,503.0,450.0,1
1669,,16000.0,9015.0,0.0,0.0,562.0,0.0,1
1670,,7000.0,395.82,0.0,0.0,81.0,0.0,1
1671,,6500.0,4148.99,0.0,0.0,365.0,0.0,1
1672,,15300.0,5555.95,0.0,0.0,493.0,0.0,1
1673,,3000.0,612.09,0.0,0.0,60.0,0.0,1
1674,,7300.0,0.0,0.0,0.0,81.0,0.0,1
1675,,3000.0,3010.05,22.95,0.0,261.0,0.0,1
1676,,17000.0,2112.67,0.0,0.0,189.0,0.0,1
1677,,2000.0,1230.54,0.0,0.0,106.0,0.0,1
1678,,3100.0,1917.85,0.0,0.0,170.0,0.0,1
1679,,18800.0,18088.12,0.0,0.0,1609.0,0.0,1
1680,,2000.0,862.52,0.0,0.0,85.0,0.0,1
1681,,3000.0,2502.24,0.0,0.0,199.0,0.0,1
1682,,2000.0,731.16,0.0,0.0,77.0,1.0,1
1683,,6000.0,5050.9,0.0,0.0,447.0,0.0,1
1684,,2000.0,1161.07,0.0,0.0,165.0,0.0,1
1685,,2000.0,1104.92,0.0,0.0,97.0,0.0,1
1686,,500.0,651.51,0.0,0.0,81.0,0.0,1
1687,,2000.0,2056.53,0.0,0.0,172.0,0.0,1
1688,,3000.0,2888.53,0.0,0.0,235.0,0.0,1
1689,,2000.0,1299.4,0.0,0.0,114.0,39.0,1
1690,,2000.0,1279.21,0.0,0.0,111.0,78.0,1
1691,,300.0,190.79,0.0,0.0,81.0,0.0,1
1692,,500.0,511.95,0.0,0.0,81.0,0.0,1
1693,,2000.0,1445.36,0.0,0.0,128.0,0.0,1
1694,,2000.0,2018.01,0.0,0.0,164.0,0.0,1
1695,,2000.0,2087.65,0.0,0.0,178.0,0.0,1
1696,,26500.0,8266.85,74.02,0.0,722.0,0.0,1
1697,,4000.0,3880.13,0.0,0.0,339.0,0.0,1
1698,,500.0,527.93,0.0,0.0,68.0,0.0,1
1699,,8500.0,740.25,0.0,0.0,81.0,0.0,1
1700,,15000.0,14573.6,0.0,0.0,1298.0,0.0,1
1701,,500.0,538.47,0.0,0.0,81.0,0.0,1
1702,,7500.0,7307.77,0.0,0.0,647.0,0.0,1
1703,,2000.0,1420.2,0.0,0.0,126.0,0.0,1
1704,,3000.0,1306.82,0.0,0.0,116.0,0.0,1
1705,,6000.0,5965.62,0.0,0.0,528.0,0.0,1
1706,,5000.0,5403.72,0.0,0.0,450.0,0.0,1
1707,,1000.0,1098.83,0.0,0.0,90.0,0.0,1
1708,,3000.0,3110.05,0.0,0.0,261.06,0.0,1
1709,,20000.0,21121.06,0.0,0.0,1800.0,0.0,1
1710,,2000.0,1047.74,0.0,0.0,90.0,0.0,1
1711,,1000.0,462.6,0.0,0.0,50.0,0.0,1
1712,,1000.0,220.21,0.0,0.0,60.0,0.0,1
1713,,1000.0,1130.34,0.0,0.0,90.0,0.0,1
1714,,1000.0,838.37,0.0,0.0,85.0,0.0,1
1715,,6000.0,4857.34,0.0,0.0,439.0,0.0,1
1716,,2600.0,2690.02,0.0,0.0,234.0,0.0,1
1717,,13000.0,2328.33,0.0,0.0,208.0,0.0,1
1718,,3500.0,3652.3,0.0,0.0,416.0,0.0,1
1719,,3500.0,3566.63,0.0,0.0,311.0,109.0,1
1720,,3500.0,3627.92,0.0,0.0,315.0,0.0,1
1721,,3500.0,3700.54,0.0,0.0,315.0,0.0,1
1722,,5000.0,5040.77,0.0,0.0,444.0,0.0,1
1723,,5000.0,65.25,0.0,0.0,65.25,0.0,1
1724,,1000.0,1000.56,0.0,0.0,112.0,0.0,1
1725,,4000.0,3619.2,0.0,0.0,289.0,0.0,1
1726,,10000.0,6062.37,0.0,0.0,444.0,100.0,1
1727,,300.0,335.37,0.0,0.0,81.0,0.0,1
1728,,1000.0,1658.12,0.0,0.0,90.0,0.0,1
1729,,500.0,338.45,0.0,0.0,81.0,0.0,1
1730,,7000.0,6009.42,0.0,0.0,532.0,0.0,1
1731,,10000.0,3291.72,0.0,0.0,293.0,0.0,1
1732,,10000.0,20.22,0.0,0.0,20.22,0.0,1
1733,,5000.0,5254.82,0.0,0.0,450.0,0.0,1
1734,,3000.0,2970.67,0.0,0.0,205.0,60.0,1
1735,,3000.0,2914.6,0.0,0.0,255.0,0.0,1
1736,,500.0,572.37,0.0,0.0,81.0,0.0,1
1737,,3500.0,3631.62,0.0,0.0,298.0,0.0,1
1738,,5000.0,4950.57,0.0,0.0,436.0,0.0,1
1739,,11500.0,11300.72,0.0,0.0,1008.0,0.0,1
1740,,5000.0,5216.05,0.0,0.0,450.0,0.0,1
1741,,1000.0,679.43,0.0,0.0,81.0,0.0,1
1742,,300.0,79.11,0.0,0.0,67.3,0.0,1
1743,,8500.0,2038.74,0.0,0.0,198.0,0.0,1
1744,,7000.0,7140.07,0.0,0.0,528.0,0.0,1
1745,,1000.0,1210.18,0.0,0.0,90.0,0.0,1
1746,,1000.0,1201.53,0.0,0.0,90.0,0.0,1
1747,,1000.0,1238.24,0.0,0.0,90.0,0.0,1
1748,,10000.0,10086.09,0.0,0.0,892.0,0.0,1
1749,,1000.0,1095.64,0.0,0.0,90.0,0.0,1
1750,,500.0,531.32,0.0,0.0,81.0,0.0,1
1751,,1000.0,1427.38,0.0,0.0,90.0,0.0,1
1752,,2000.0,1923.62,0.0,0.0,157.0,70.0,1
1753,,2000.0,1931.7,0.0,0.0,169.0,0.0,1
1754,,5000.0,4884.58,0.0,0.0,406.0,180.0,1
1755,,5000.0,4973.33,0.0,0.0,439.0,0.0,1
1756,,2000.0,2081.73,0.0,0.0,176.0,0.0,1
1757,,5000.0,5217.72,0.0,0.0,450.0,0.0,1
1758,,1000.0,1044.72,0.0,0.0,89.0,0.0,1
1759,,4000.0,3940.32,0.0,0.0,351.0,0.0,1
1760,,600.0,682.2,0.0,0.0,81.0,0.0,1
1761,,1000.0,737.17,0.0,0.0,81.0,0.0,1
1762,,4000.0,4052.37,0.0,0.0,354.0,0.0,1
1763,,1000.0,973.39,0.0,0.0,85.0,0.0,1
1764,,1000.0,974.8,0.0,0.0,84.0,0.0,1
1765,,3000.0,3233.75,0.0,0.0,270.0,0.0,1
1766,,1000.0,281.55,0.0,0.0,81.0,0.0,1
1767,,5000.0,5425.28,0.0,0.0,449.0,0.0,1
1768,,3500.0,3273.58,0.0,0.0,287.0,0.0,1
1769,,3500.0,3510.01,0.0,0.0,308.0,0.0,1
1770,,3500.0,3730.89,0.0,0.0,315.0,0.0,1
1771,,500.0,574.91,0.0,0.0,81.0,0.0,1
1772,,500.0,572.86,0.0,0.0,81.0,0.0,1
1773,,2000.0,1869.25,0.0,0.0,165.0,0.0,1
1774,,11000.0,11275.17,0.0,0.0,925.0,0.0,1
1775,,2000.0,2052.7,0.0,0.0,180.0,0.0,1
1776,,2000.0,1789.97,0.0,0.0,157.0,0.0,1
1777,,5000.0,3903.55,0.0,0.0,343.0,0.0,1
1778,,1000.0,1076.59,0.0,0.0,90.0,0.0,1
1779,,5000.0,5169.26,59.95,0.0,450.0,0.0,1
1780,,21000.0,21354.94,0.0,0.0,1889.0,0.0,1
1781,,3000.0,2694.2,0.0,0.0,238.0,0.0,1
1782,,3000.0,2265.04,0.0,0.0,205.0,0.0,1
1783,,1000.0,557.15,0.0,0.0,60.0,0.0,1
1784,,1000.0,674.8,0.0,0.0,60.0,0.0,1
1785,,4000.0,4187.33,0.0,0.0,360.0,0.0,1
1786,,2500.0,503.68,0.0,109.0,81.0,0.0,1
1787,,5000.0,5107.37,0.0,0.0,433.0,75.0,1
1788,,1000.0,1078.85,0.0,0.0,89.0,0.0,1
1789,,2500.0,2611.09,0.0,0.0,225.0,0.0,1
1790,,2000.0,2047.76,0.0,0.0,176.0,0.0,1
1791,,2000.0,2109.9,0.0,0.0,177.0,0.0,1
1792,,2000.0,1754.19,0.0,0.0,158.0,0.0,1
1793,,2000.0,1943.45,62.31,0.0,120.0,50.0,1
1794,,1000.0,1143.14,0.0,0.0,90.0,0.0,1
1795,,1000.0,1134.05,0.0,0.0,90.0,0.0,1
1796,,1000.0,1102.64,0.0,0.0,90.0,0.0,1
1797,,1000.0,1272.64,0.0,0.0,70.0,20.0,1
1798,,1000.0,1258.47,0.0,0.0,90.0,0.0,1
1799,,1000.0,1075.43,0.0,0.0,90.0,0.0,1
1800,,2000.0,2061.08,0.0,0.0,180.0,0.0,1
1801,,17800.0,12070.75,0.0,0.0,1069.0,0.0,1
1802,,17800.0,13296.65,337.4,0.0,1043.0,90.0,1
1803,,1000.0,1030.5,0.0,0.0,87.0,0.0,1
1804,,5000.0,66.87,0.0,0.0,66.57,0.0,1
1805,,300.0,331.7,0.0,0.0,81.0,0.0,1
1806,,5000.0,5123.25,0.0,0.0,447.0,0.0,1
1807,,300.0,410.9,0.0,0.0,81.0,0.0,1
1808,,500.0,361.57,14.52,0.0,81.0,0.0,1
1809,,2100.0,2318.97,0.0,0.0,189.0,0.0,1
1810,,1000.0,980.99,0.0,0.0,84.0,0.0,1
1811,,500.0,581.08,0.0,0.0,81.0,0.0,1
1812,,1000.0,1358.45,0.0,0.0,90.0,0.0,1
1813,,5000.0,4365.41,0.0,0.0,391.0,0.0,1
1814,,2000.0,2064.79,0.0,0.0,171.0,0.0,1
1815,,7500.0,6986.02,0.0,0.0,619.0,0.0,1
1816,,500.0,567.57,0.0,0.0,85.0,0.0,1
1817,,1000.0,1091.44,0.0,0.0,89.0,0.0,1
1818,,1000.0,1103.6,0.0,0.0,90.0,0.0,1
1819,,4000.0,4286.42,0.0,0.0,359.0,0.0,1
1820,,2000.0,1499.27,0.0,0.0,132.0,0.0,1
1821,,2000.0,1064.75,0.0,0.0,91.0,0.0,1
1822,,500.0,522.38,0.0,0.0,81.0,0.0,1
1823,,7800.0,7901.56,0.0,0.0,702.0,0.0,1
1824,,2000.0,1303.89,0.0,0.0,115.0,0.0,1
1825,,5800.0,2902.05,0.0,0.0,260.0,0.0,1
1826,,500.0,28.51,0.0,0.0,28.51,0.0,1
1827,,500.0,156.78,0.0,0.0,81.0,0.0,1
1828,,1000.0,1020.08,0.0,0.0,87.0,0.0,1
1829,,1000.0,995.8,0.0,0.0,87.0,0.0,1
1830,,1000.0,988.98,0.0,0.0,85.0,0.0,1
1831,,1000.0,1168.97,0.0,0.0,90.0,0.0,1
1832,,1000.0,1097.36,0.0,0.0,90.0,0.0,1
1833,,2000.0,1581.76,0.0,0.0,140.0,0.0,1
1834,,5000.0,5240.88,0.0,0.0,450.0,0.0,1
1835,,500.0,574.08,0.0,0.0,81.0,0.0,1
1836,,10500.0,2136.22,0.0,0.0,256.0,0.0,1
1837,,10500.0,2105.82,0.0,0.0,192.0,0.0,1
1838,,5000.0,4976.25,0.0,0.0,328.0,120.0,1
1839,,1000.0,1116.57,0.0,0.0,90.0,0.0,1
1840,,2000.0,1389.71,0.0,0.0,125.0,0.0,1
1841,,2000.0,1346.05,0.0,0.0,119.0,0.0,1
1842,,500.0,221.69,0.0,0.0,81.0,0.0,1
1843,,3000.0,1421.93,0.0,0.0,124.0,0.0,1
1844,,500.0,375.3,0.0,0.0,81.0,0.0,1
1845,,2000.0,2044.48,0.0,0.0,179.0,0.0,1
1846,,1000.0,1008.03,161.28,0.0,84.0,0.0,1
1847,,11000.0,11567.39,0.0,0.0,990.0,0.0,1
1848,,2000.0,1428.12,0.0,0.0,127.0,0.0,1
1849,,2000.0,1408.79,0.0,0.0,125.0,0.0,1
1850,,2500.0,2326.86,0.0,0.0,207.0,0.0,1
1851,,2500.0,2620.65,0.0,0.0,164.0,0.0,1
1852,,2500.0,2396.67,0.0,0.0,198.0,0.0,1
1853,,2000.0,2103.29,0.0,0.0,180.0,0.0,1
1854,,2000.0,2098.52,0.0,0.0,180.0,0.0,1
1855,,500.0,577.74,0.0,0.0,68.0,0.0,1
1856,,500.0,576.52,0.0,0.0,81.0,0.0,1
1857,,500.0,536.58,0.0,0.0,81.0,0.0,1
1858,,4000.0,3807.71,0.0,0.0,333.0,0.0,1
1859,,500.0,583.92,0.0,0.0,87.0,0.0,1
1860,,1500.0,1517.43,0.0,0.0,132.0,0.0,1
1861,,2000.0,2135.66,0.0,0.0,180.0,0.0,1
1862,,5000.0,4741.45,0.0,0.0,417.0,0.0,1
1863,,5000.0,4913.53,0.0,0.0,434.0,0.0,1
1864,,5000.0,5098.43,0.0,0.0,449.0,150.0,1
1865,,500.0,569.21,0.0,0.0,87.0,0.0,1
1866,,500.0,82.77,0.0,0.0,81.0,0.0,1
1867,,500.0,391.91,0.0,0.0,81.0,0.0,1
1868,,500.0,514.63,0.0,0.0,81.0,0.0,1
1869,,1000.0,906.0,0.0,0.0,81.0,0.0,1
1870,,1000.0,1100.83,0.0,0.0,90.0,0.0,1
1871,,300.0,65.56,0.0,0.0,65.56,0.0,1
1872,,500.0,558.43,0.0,0.0,81.0,0.0,1
1873,,300.0,109.26,0.0,0.0,80.47,0.0,1
1874,,1000.0,890.02,0.0,0.0,81.0,0.0,1
1875,,3000.0,3033.27,27.52,0.0,264.0,0.0,1
1876,,1000.0,1219.47,0.0,0.0,90.0,0.0,1
1877,,2000.0,1759.72,0.0,0.0,159.0,0.0,1
1878,,2500.0,2606.61,0.0,0.0,199.0,0.0,1
1879,,5000.0,4329.7,0.0,0.0,402.0,0.0,1
1880,,5000.0,4677.58,0.0,0.0,420.0,0.0,1
1881,,4500.0,4680.99,0.0,0.0,405.0,0.0,1
1882,,2500.0,2405.93,0.0,0.0,216.0,0.0,1
1883,,500.0,540.63,0.0,0.0,81.0,0.0,1
1884,,500.0,610.95,0.0,0.0,73.0,0.0,1
1885,,2000.0,2058.3,0.0,0.0,178.0,0.0,1
1886,,24000.0,23974.81,148.42,0.0,2145.0,0.0,1
1887,,10000.0,10049.39,0.0,0.0,897.0,0.0,1
1888,,2000.0,1163.57,0.0,0.0,102.0,0.0,1
1889,,2000.0,1462.03,0.0,0.0,130.0,0.0,1
1890,,2000.0,1498.65,0.0,0.0,134.0,0.0,1
1891,,1000.0,1311.28,0.0,0.0,120.0,0.0,1
1892,,1000.0,1258.67,0.0,0.0,90.0,0.0,1
1893,,1000.0,1249.09,0.0,0.0,90.0,0.0,1
1894,,500.0,0.0,0.0,0.0,81.0,0.0,1
1895,,3000.0,612.26,0.0,0.0,78.0,30.0,1
1896,,2000.0,2009.18,0.0,0.0,175.0,0.0,1
1897,,4000.0,139.75,0.0,0.0,85.9,0.0,1
1898,,2000.0,1847.75,0.0,0.0,161.0,0.0,1
1899,,500.0,504.79,0.0,0.0,81.0,0.0,1
1900,,2000.0,1197.48,0.0,0.0,111.0,30.0,1
1901,,7000.0,5953.02,11.26,0.0,528.0,0.0,1
1902,,2000.0,1474.5,0.0,0.0,129.0,0.0,1
1903,,17200.0,11199.44,0.0,0.0,982.0,0.0,1
1904,,12000.0,8832.18,0.0,0.0,791.0,0.0,1
1905,,12000.0,8689.71,0.0,0.0,782.0,248.0,1
1906,,10000.0,8498.19,0.0,0.0,754.0,0.0,1
1907,,10000.0,8929.25,174.33,0.0,576.0,0.0,1
1908,,10000.0,10236.61,0.0,0.0,850.0,0.0,1
1909,,500.0,344.45,0.0,0.0,81.0,0.0,1
1910,,3500.0,959.53,0.0,0.0,84.0,0.0,1
1911,,3500.0,1102.21,0.0,0.0,95.0,0.0,1
1912,,300.0,334.64,0.0,0.0,81.0,0.0,1
1913,,1000.0,797.51,0.0,0.0,81.0,0.0,1
1914,,3000.0,3069.7,0.0,0.0,248.0,0.0,1
1915,,3000.0,2851.23,0.0,0.0,252.0,0.0,1
1916,,3000.0,2975.04,6.04,0.0,267.0,0.0,1
1917,,500.0,109.34,0.0,0.0,81.0,0.0,1
1918,,500.0,39.48,0.0,0.0,39.48,0.0,1
1919,,500.0,261.78,0.0,0.0,81.0,0.0,1
1920,,3000.0,2355.97,0.0,0.0,211.0,0.0,1
1921,,3000.0,2384.66,0.0,0.0,191.0,0.0,1
1922,,2000.0,242.31,0.0,0.0,81.0,0.0,1
1923,,1000.0,888.3,0.0,0.0,81.0,0.0,1
1924,,1000.0,1136.41,0.0,0.0,90.0,0.0,1
1925,,3000.0,3166.03,0.0,0.0,260.0,0.0,1
1926,,5000.0,5310.12,0.0,0.0,450.0,0.0,1
1927,,7500.0,7898.57,0.0,0.0,900.0,0.0,1
1928,,7500.0,7749.12,0.0,0.0,675.0,0.0,1
1929,,21300.0,8688.62,0.0,0.0,654.0,0.0,1
1930,,2000.0,0.0,20.0,0.0,81.0,0.0,1
1931,,1000.0,290.95,0.0,0.0,81.0,0.0,1
1932,,6000.0,6247.02,0.0,0.0,540.0,0.0,1
1933,,300.0,317.65,0.0,0.0,81.0,0.0,1
1934,,1000.0,1089.64,0.0,0.0,87.0,0.0,1
1935,,3500.0,2388.56,0.0,0.0,217.72,70.0,1
1936,,3500.0,2360.93,0.0,0.0,150.72,0.0,1
1937,,3500.0,2513.94,0.0,0.0,227.72,0.0,1
1938,,3500.0,2571.41,0.0,0.0,218.0,40.0,1
1939,,1000.0,657.47,0.0,0.0,85.0,0.0,1
1940,,1000.0,1055.32,0.0,0.0,90.0,0.0,1
1941,,4000.0,1884.72,0.0,0.0,165.0,0.0,1
1942,,400.0,465.34,0.0,0.0,81.0,0.0,1
1943,,11900.0,12181.9,0.0,0.0,1071.0,0.0,1
1944,,2000.0,1625.37,0.0,0.0,143.0,0.0,1
1945,,12000.0,1668.64,0.0,0.0,148.0,0.0,1
1946,,12000.0,1870.15,0.0,0.0,166.0,0.0,1
1947,,3000.0,2721.89,0.0,0.0,240.0,0.0,1
1948,,10000.0,9013.62,0.0,0.0,943.0,0.0,1
1949,,10000.0,8904.09,0.0,0.0,673.0,300.0,1
1950,,10000.0,9219.5,0.0,0.0,632.0,200.0,1
1951,,5000.0,5250.42,0.0,0.0,450.0,0.0,1
1952,,300.0,144.33,0.0,0.0,81.0,0.0,1
1953,,5000.0,5038.65,0.0,0.0,443.0,0.0,1
1954,,27300.0,9660.91,0.0,0.0,859.0,0.0,1
1955,,2000.0,1608.73,0.0,0.0,140.0,0.0,1
1956,,2000.0,1837.82,0.0,0.0,162.0,0.0,1
1957,,13000.0,6931.56,0.0,0.0,617.0,0.0,1
1958,,15000.0,332.43,0.0,0.0,81.0,0.0,1
1959,,1000.0,1134.8,0.0,0.0,90.0,0.0,1
1960,,1000.0,1116.3,0.0,0.0,90.0,0.0,1
1961,,10500.0,10956.33,0.0,0.0,945.0,0.0,1
1962,,500.0,619.25,0.0,0.0,81.0,0.0,1
1963,,2500.0,1625.25,0.0,0.0,145.0,0.0,1
1964,,2000.0,1178.26,0.0,0.0,104.0,0.0,1
1965,,2000.0,1162.2,0.0,0.0,103.0,0.0,1
1966,,3000.0,2933.13,0.0,0.0,236.0,0.0,1
1967,,3000.0,2973.43,0.0,0.0,262.0,0.0,1
1968,,30000.0,14732.33,0.0,0.0,977.0,350.0,1
1969,,30000.0,19413.15,0.0,0.0,1779.0,0.0,1
1970,,4500.0,4292.73,0.0,0.0,380.0,0.0,1
1971,,4500.0,4511.92,11.52,0.0,381.5,0.0,1
1972,,2000.0,2067.07,0.0,0.0,261.0,0.0,1
1973,,2500.0,1572.8,0.0,0.0,140.0,0.0,1
1974,,1000.0,1091.16,0.0,0.0,87.0,0.0,1
1975,,500.0,466.94,0.0,0.0,81.0,0.0,1
1976,,3600.0,2495.66,0.0,0.0,220.0,0.0,1
1977,,3600.0,2519.93,64.39,0.0,203.0,0.0,1
1978,,1000.0,322.34,0.0,0.0,75.0,0.0,1
1979,,1000.0,1074.23,0.0,0.0,90.0,0.0,1
1980,,2000.0,2095.82,0.0,0.0,179.0,0.0,1
1981,,2000.0,2093.34,14.9,0.0,177.0,0.0,1
1982,,1000.0,1000.84,0.0,0.0,87.0,0.0,1
1983,,2500.0,2681.8,0.0,0.0,209.0,0.0,1
1984,,1000.0,382.55,0.0,0.0,60.0,0.0,1
1985,,2000.0,1367.71,0.0,0.0,111.0,0.0,1
1986,,2000.0,946.26,0.0,0.0,81.0,0.0,1
1987,,2000.0,1106.25,0.0,0.0,97.0,0.0,1
1988,,2000.0,1148.75,0.0,0.0,101.0,0.0,1
1989,,2000.0,1126.52,0.0,0.0,98.0,0.0,1
1990,,6000.0,131.02,23.03,0.0,77.03,0.0,1
1991,,1000.0,1102.92,0.0,0.0,90.0,0.0,1
1992,,2000.0,2086.26,0.0,0.0,130.0,0.0,1
1993,,1000.0,225.82,41.1,0.0,81.0,0.0,1
1994,,1000.0,543.83,0.0,0.0,81.0,0.0,1
1995,,9356.0,9897.17,0.0,0.0,843.0,0.0,1
1996,,1500.0,1556.27,0.0,0.0,113.0,0.0,1
1997,,1500.0,1550.91,0.0,0.0,123.0,0.0,1
1998,,500.0,501.59,0.0,0.0,81.0,0.0,1
1999,,1000.0,687.94,0.0,0.0,81.0,0.0,1
2000,,300.0,272.08,0.0,0.0,78.05,0.0,1
2001,,300.0,282.63,35.97,0.0,81.0,54.0,1
2002,,500.0,429.55,0.0,0.0,81.0,0.0,1
2003,,500.0,607.67,0.0,0.0,81.0,0.0,1
2004,,10000.0,10245.72,0.0,0.0,890.0,0.0,1
2005,,2000.0,2088.6,0.0,0.0,179.0,0.0,1
2006,,500.0,534.29,0.0,0.0,81.0,0.0,1
2007,,2500.0,777.09,0.0,0.0,81.0,0.0,1
2008,,500.0,108.07,0.0,0.0,81.0,0.0,1
2009,,4500.0,257.14,0.0,0.0,81.0,0.0,1
2010,,5000.0,5339.77,0.0,0.0,445.0,0.0,1
2011,,15000.0,10253.57,0.0,0.0,914.0,0.0,1
2012,,2000.0,2061.55,0.0,0.0,178.0,0.0,1
2013,,2000.0,1304.3,0.0,0.0,118.0,0.0,1
2014,,2000.0,1285.85,0.0,0.0,113.0,0.0,1
2015,,2000.0,2029.4,0.0,0.0,178.0,0.0,1
2016,,500.0,603.39,0.0,0.0,81.0,0.0,1
2017,,1000.0,1084.45,0.0,0.0,87.0,0.0,1
2018,,2000.0,740.65,0.0,0.0,81.0,0.0,1
2019,,2000.0,2129.7,0.0,0.0,180.0,0.0,1
2020,,2000.0,1125.63,0.0,0.0,97.0,0.0,1
2021,,2000.0,1119.48,0.0,0.0,97.0,0.0,1
2022,,2000.0,1050.27,0.0,0.0,91.0,0.0,1
2023,,4000.0,2738.08,0.0,0.0,240.0,0.0,1
2024,,300.0,280.35,0.0,0.0,81.0,0.0,1
2025,,1000.0,742.7,0.0,0.0,63.0,0.0,1
2026,,7000.0,7451.94,0.0,0.0,630.0,0.0,1
2027,,1000.0,894.54,0.0,0.0,78.0,0.0,1
2028,,3000.0,2319.58,0.0,0.0,204.0,0.0,1
2029,,3000.0,2419.03,0.0,0.0,217.0,0.0,1
2030,,500.0,448.43,0.0,0.0,81.0,0.0,1
2031,,2500.0,2535.45,0.0,0.0,221.0,0.0,1
2032,,2500.0,1221.44,0.0,0.0,108.0,0.0,1
2033,,2500.0,1209.2,0.0,0.0,108.0,0.0,1
2034,,500.0,541.87,0.0,0.0,81.0,0.0,1
2035,,500.0,502.76,0.0,0.0,81.0,0.0,1
2036,,1000.0,576.51,0.0,0.0,81.0,0.0,1
2037,,1000.0,824.69,0.0,0.0,81.0,0.0,1
2038,,1000.0,915.28,0.0,0.0,81.0,0.0,1
2039,,1000.0,922.66,0.0,0.0,82.0,0.0,1
2040,,1000.0,1015.18,0.0,0.0,87.0,0.0,1
2041,,500.0,563.66,0.0,0.0,81.0,0.0,1
2042,,1000.0,1329.6,0.0,0.0,90.0,0.0,1
2043,,500.0,546.87,0.0,0.0,81.0,0.0,1
2044,,1000.0,1165.17,0.0,0.0,90.0,0.0,1
2045,,1500.0,1250.41,0.0,0.0,101.0,0.0,1
2046,,500.0,543.93,0.0,0.0,81.0,0.0,1
2047,,1000.0,1059.22,0.0,0.0,90.0,0.0,1
2048,,2000.0,1927.85,0.0,0.0,168.0,0.0,1
2049,,6000.0,6243.48,0.0,0.0,540.0,0.0,1
2050,,5000.0,4147.67,0.0,0.0,365.0,0.0,1
2051,,500.0,371.52,0.0,0.0,81.0,0.0,1
2052,,5500.0,5033.79,0.0,0.0,447.0,0.0,1
2053,,500.0,599.64,0.0,0.0,87.0,0.0,1
2054,,600.0,6.11,0.0,0.0,6.11,0.0,1
2055,,1000.0,1029.7,0.0,0.0,89.0,0.0,1
2056,,1000.0,1033.72,0.0,0.0,89.0,0.0,1
2057,,1000.0,992.7,0.0,0.0,76.0,0.0,1
2058,,500.0,589.49,0.0,0.0,81.0,0.0,1
2059,,5000.0,4171.6,0.0,0.0,370.0,0.0,1
2060,,500.0,639.17,0.0,0.0,75.0,0.0,1
2061,,1000.0,428.27,0.0,0.0,81.0,0.0,1
2062,,1000.0,415.21,0.0,0.0,81.0,0.0,1
2063,,500.0,505.74,0.0,0.0,81.0,0.0,1
2064,,1000.0,1311.07,0.0,0.0,90.0,0.0,1
2065,,500.0,535.02,0.0,0.0,81.0,0.0,1
2066,,4000.0,4087.74,0.0,0.0,357.84,0.0,1
2067,,1000.0,468.2,0.0,0.0,60.0,0.0,1
2068,,1000.0,929.01,0.0,0.0,82.0,0.0,1
2069,,2000.0,1600.91,0.0,0.0,144.0,0.0,1
2070,,1000.0,1143.19,0.0,0.0,90.0,0.0,1
2071,,1000.0,130.66,0.0,0.0,81.0,0.0,1
2072,,500.0,544.03,0.0,0.0,62.0,100.0,1
2073,,21500.0,8050.37,4.98,0.0,719.0,0.0,1
2074,,7000.0,7360.38,0.0,0.0,630.0,0.0,1
2075,,2000.0,1478.89,0.0,0.0,101.0,0.0,1
2076,,1000.0,1056.21,0.0,0.0,85.0,0.0,1
2077,,500.0,540.32,0.0,0.0,81.0,0.0,1
2078,,1000.0,557.07,0.0,0.0,50.0,0.0,1
2079,,500.0,559.71,0.0,0.0,68.0,0.0,1
2080,,500.0,555.18,0.0,0.0,81.0,0.0,1
2081,,500.0,512.59,0.0,0.0,66.0,15.0,1
2082,,2000.0,682.59,0.0,0.0,60.0,0.0,1
2083,,2000.0,679.75,0.0,0.0,60.0,0.0,1
2084,,500.0,581.36,0.0,0.0,81.0,0.0,1
2085,,1000.0,780.1,0.0,0.0,72.0,0.0,1
2086,,3200.0,3095.99,0.0,0.0,271.0,0.0,1
2087,,3200.0,3227.36,0.0,0.0,286.0,0.0,1
2088,,3200.0,3284.99,0.0,0.0,281.0,0.0,1
2089,,500.0,209.46,0.0,0.0,60.0,0.0,1
2090,,500.0,350.93,0.0,0.0,60.0,0.0,1
2091,,500.0,471.13,0.0,0.0,81.0,0.0,1
2092,,500.0,536.3,0.0,0.0,81.0,0.0,1
2093,,9500.0,9949.33,0.0,0.0,855.0,0.0,1
2094,,2900.0,2446.98,0.0,0.0,214.0,0.0,1
2095,,25000.0,19283.72,0.0,0.0,1716.0,0.0,1
2096,,25000.0,20491.01,0.0,0.0,1859.0,0.0,1
2097,,500.0,547.18,0.0,0.0,81.0,0.0,1
2098,,1000.0,1306.69,0.0,0.0,90.0,0.0,1
2099,,1000.0,1316.82,0.0,0.0,90.0,0.0,1
2100,,500.0,249.71,0.0,0.0,81.0,0.0,1
2101,,500.0,533.22,0.0,0.0,81.0,0.0,1
2102,,1000.0,1093.22,0.0,0.0,90.0,0.0,1
2103,,6000.0,4758.35,0.0,0.0,422.0,0.0,1
2104,,1000.0,179.19,0.0,0.0,81.0,0.0,1
2105,,2000.0,1555.84,0.0,0.0,135.0,0.0,1
2106,,2000.0,1576.74,0.0,0.0,139.0,0.0,1
2107,,1000.0,966.59,0.0,0.0,84.0,0.0,1
2108,,3000.0,2917.18,0.0,0.0,258.0,0.0,1
2109,,3000.0,1629.59,0.0,0.0,140.0,0.0,1
2110,,3000.0,2258.44,0.0,0.0,172.0,100.0,1
2111,,3000.0,2325.49,0.0,0.0,204.0,0.0,1
2112,,1000.0,1075.03,0.0,0.0,117.0,0.0,1
2113,,1000.0,1022.31,0.0,0.0,87.0,0.0,1
2114,,2000.0,2019.54,0.0,0.0,173.0,0.0,1
2115,,1000.0,996.75,0.0,0.0,74.0,43.0,1
2116,,2000.0,1969.05,339.53,0.0,133.0,0.0,1
2117,,1000.0,796.96,0.0,0.0,81.0,0.0,1
2118,,1000.0,940.96,0.0,0.0,88.0,60.0,1
2119,,1000.0,1000.96,0.0,0.0,90.0,0.0,1
2120,,5000.0,5014.49,0.0,0.0,445.0,0.0,1
2121,,2000.0,1406.24,0.0,0.0,123.0,0.0,1
2122,,2000.0,1421.26,0.0,0.0,126.0,0.0,1
2123,,2000.0,1484.07,0.0,0.0,132.0,0.0,1
2124,,2000.0,1224.44,0.0,0.0,108.0,0.0,1
2125,,2000.0,1100.91,0.0,0.0,97.0,0.0,1
2126,,5000.0,3750.43,0.0,0.0,300.0,150.0,1
2127,,300.0,326.79,0.0,0.0,81.0,0.0,1
2128,,5000.0,5199.34,0.0,0.0,442.0,0.0,1
2129,,6000.0,5616.01,0.0,0.0,379.0,300.0,1
2130,,6000.0,6370.85,0.0,0.0,540.0,0.0,1
2131,,1000.0,1086.3,0.0,0.0,90.0,0.0,1
2132,,1000.0,940.78,0.0,0.0,82.0,0.0,1
2133,,1000.0,884.94,0.0,0.0,81.0,0.0,1
2134,,1000.0,835.97,0.0,0.0,81.0,0.0,1
2135,,5000.0,4469.0,0.0,0.0,319.0,150.0,1
2136,,500.0,589.02,0.0,0.0,81.0,0.0,1
2137,,2000.0,1893.46,0.0,0.0,165.0,0.0,1
2138,,500.0,535.96,0.0,0.0,81.0,0.0,1
2139,,1500.0,845.04,0.0,0.0,85.0,0.0,1
2140,,1000.0,1053.3,0.0,0.0,90.0,0.0,1
2141,,2000.0,2099.11,0.0,0.0,179.0,0.0,1
2142,,500.0,409.54,0.0,0.0,81.0,0.0,1
2143,,500.0,492.36,0.0,0.0,81.0,0.0,1
2144,,5000.0,1970.89,0.0,0.0,176.0,0.0,1
2145,,5000.0,1991.51,0.0,0.0,175.0,0.0,1
2146,,2500.0,2188.15,0.0,0.0,195.0,0.0,1
2147,,2500.0,2537.67,0.0,0.0,221.0,0.0,1
2148,,500.0,579.98,0.0,0.0,81.0,0.0,1
2149,,500.0,436.76,0.0,0.0,81.0,0.0,1
2150,,500.0,246.16,0.0,0.0,81.0,0.0,1
2151,,4000.0,3572.15,0.0,0.0,315.0,0.0,1
2152,,4000.0,3716.84,0.0,0.0,329.0,0.0,1
2153,,2000.0,2151.77,0.0,0.0,180.0,0.0,1
2154,,10000.0,10543.72,0.0,0.0,900.0,0.0,1
2155,,2000.0,2104.7,0.0,0.0,179.0,0.0,1
2156,,1000.0,1014.16,0.0,0.0,90.0,0.0,1
2157,,3500.0,280.88,0.0,0.0,81.0,0.0,1
2158,,3500.0,524.99,0.0,0.0,81.0,0.0,1
2159,,2000.0,1379.76,0.0,0.0,121.0,0.0,1
2160,,15000.0,1216.1,0.0,0.0,107.0,0.0,1
2161,,1000.0,1168.96,0.0,0.0,90.0,0.0,1
2162,,6000.0,5246.01,94.42,0.0,452.0,0.0,1
2163,,2000.0,2214.83,0.0,0.0,180.0,0.0,1
2164,,2000.0,2187.56,0.0,0.0,180.0,0.0,1
2165,,2000.0,2180.71,0.0,0.0,180.0,0.0,1
2166,,2000.0,2154.43,0.0,0.0,180.0,0.0,1
2167,,2500.0,2666.38,0.0,0.0,225.0,0.0,1
2168,,7400.0,7568.45,0.0,0.0,664.0,0.0,1
2169,,1000.0,769.59,0.0,0.0,81.0,0.0,1
2170,,1000.0,766.63,0.0,0.0,81.0,0.0,1
2171,,2000.0,1926.41,0.0,0.0,168.0,0.0,1
2172,,1000.0,1077.82,0.0,0.0,90.0,0.0,1
2173,,10000.0,9915.14,0.0,0.0,887.0,0.0,1
2174,,1000.0,747.23,0.0,0.0,81.0,0.0,1
2175,,1000.0,1063.61,0.0,0.0,70.0,0.0,1
2176,,500.0,452.36,0.0,0.0,81.0,0.0,1
2177,,500.0,552.83,0.0,0.0,81.0,0.0,1
2178,,500.0,221.47,0.0,0.0,81.0,0.0,1
2179,,3500.0,2672.58,0.0,0.0,236.0,0.0,1
2180,,1000.0,539.19,0.0,0.0,81.0,0.0,1
2181,,1000.0,832.89,0.0,0.0,81.0,0.0,1
2182,,3000.0,2881.43,0.0,0.0,252.0,0.0,1
2183,,1500.0,1614.24,0.0,0.0,134.89,0.0,1
2184,,2500.0,2571.03,0.0,0.0,223.0,0.0,1
2185,,500.0,539.85,0.0,0.0,81.0,0.0,1
2186,,6000.0,4968.18,0.0,0.0,440.0,0.0,1
2187,,4000.0,3808.74,0.0,0.0,338.0,0.0,1
2188,,500.0,380.04,345.93,0.0,57.2,0.0,1
2189,,5000.0,5086.05,0.0,0.0,442.0,0.0,1
2190,,2000.0,2085.19,0.0,0.0,180.0,0.0,1
2191,,1000.0,881.5,0.0,0.0,81.0,0.0,1
2192,,1000.0,1076.61,0.0,0.0,90.0,0.0,1
2193,,500.0,551.63,0.0,0.0,81.0,0.0,1
2194,,6000.0,5762.85,0.0,0.0,513.0,0.0,1
2195,,4000.0,4157.32,0.0,0.0,360.0,0.0,1
2196,,2000.0,2127.93,0.0,0.0,180.0,0.0,1
2197,,5000.0,5140.95,0.0,0.0,406.0,0.0,1
2198,,2000.0,2070.73,0.0,0.0,180.0,0.0,1
2199,,2800.0,1316.09,0.0,0.0,117.0,0.0,1
2200,,2000.0,2064.31,0.0,0.0,130.0,30.0,1
2201,,5000.0,4907.98,0.0,0.0,536.0,0.0,1
2202,,5000.0,4800.04,0.0,0.0,389.0,141.0,1
2203,,5000.0,4832.66,0.0,0.0,386.0,150.0,1
2204,,5000.0,4995.48,0.0,0.0,395.0,200.0,1
2205,,2000.0,1625.41,0.0,0.0,144.0,0.0,1
2206,,2000.0,1593.87,0.0,0.0,141.0,0.0,1
2207,,5500.0,28.5,0.0,0.0,28.5,0.0,1
2208,,27800.0,29273.23,0.0,0.0,2502.0,0.0,1
2209,,5000.0,5147.68,0.0,0.0,432.1,0.0,1
2210,,5000.0,5378.6,0.0,0.0,450.0,0.0,1
2211,,3000.0,3100.94,0.0,0.0,268.0,0.0,1
2212,,7000.0,6472.97,0.0,0.0,582.0,0.0,1
2213,,2300.0,1667.56,0.0,0.0,145.0,0.0,1
2214,,12000.0,11917.0,0.0,0.0,994.0,0.0,1
2215,,500.0,498.72,0.0,0.0,81.0,0.0,1
2216,,2000.0,2095.79,0.0,0.0,179.0,0.0,1
2217,,3500.0,3273.0,0.0,0.0,294.0,200.0,1
2218,,500.0,0.0,0.0,0.0,40.75,40.75,1
2219,,3000.0,2750.94,0.0,0.0,241.0,0.0,1
2220,,8000.0,6400.43,898.29,0.0,498.0,0.0,1
2221,,500.0,539.47,17.3,0.0,81.0,0.0,1
2222,,3000.0,2965.89,0.0,0.0,251.0,100.0,1
2223,,500.0,630.8,0.0,0.0,81.0,0.0,1
2224,,2500.0,2401.19,0.0,0.0,217.0,0.0,1
2225,,2500.0,2442.5,0.0,0.0,219.0,0.0,1
2226,,2500.0,2478.19,0.0,0.0,216.0,0.0,1
2227,,3500.0,3692.64,0.0,0.0,419.0,0.0,1
2228,,3500.0,3622.55,0.0,0.0,314.0,0.0,1
2229,,2000.0,1587.13,0.0,0.0,141.0,0.0,1
2230,,500.0,587.19,0.0,0.0,81.0,0.0,1
2231,,4900.0,5033.52,0.0,0.0,401.0,0.0,1
2232,,10000.0,8419.76,0.0,0.0,1012.0,0.0,1
2233,,10000.0,8271.21,0.0,0.0,759.0,500.0,1
2234,,10000.0,8512.18,0.0,0.0,752.0,0.0,1
2235,,10000.0,8887.91,0.0,0.0,787.0,0.0,1
2236,,2500.0,2631.97,0.0,0.0,225.0,0.0,1
2237,,2500.0,2647.03,0.0,0.0,225.0,0.0,1
2238,,1000.0,1089.13,0.0,0.0,90.0,0.0,1
2239,,1000.0,963.89,0.0,0.0,83.0,0.0,1
